Date,Mkt-RF,SMB,HML
1/4/2010,1.69,0.61,1.13
1/5/2010,0.31,-0.64,1.24
1/6/2010,0.13,-0.22,0.57
1/7/2010,0.4,0.09,0.98
1/8/2010,0.33,0.37,0.01
1/11/2010,0.13,-0.13,-0.25
1/12/2010,-1,-0.17,-1.28
1/13/2010,0.85,0.27,0.33
1/14/2010,0.24,0.28,0.08
1/15/2010,-1.12,-0.12,-0.39
1/19/2010,1.26,0.46,-0.21
1/20/2010,-0.98,-0.6,0.24
1/21/2010,-1.74,0.41,-1.12
1/22/2010,-2.14,0.62,-0.89
1/25/2010,0.37,-0.21,0.33
1/26/2010,-0.45,-0.1,-0.48
1/27/2010,0.53,0.23,0.22
1/28/2010,-1.18,-0.68,0.43
1/29/2010,-0.97,-0.04,-0.42
2/1/2010,1.39,-0.21,0.88
2/2/2010,1.21,-0.4,0.64
2/3/2010,-0.49,0.06,-0.37
2/4/2010,-3.14,-0.13,-1.18
2/5/2010,0.29,-0.02,0.01
2/8/2010,-0.79,0.05,-0.36
2/9/2010,1.33,0.32,0.57
2/10/2010,-0.17,0.26,0.31
2/11/2010,1.13,0.73,0.05
2/12/2010,-0.07,0.99,0.15
2/16/2010,1.75,-0.31,1.01
2/17/2010,0.49,0.09,0.12
2/18/2010,0.62,0.09,0.01
2/19/2010,0.28,0.06,0.48
2/22/2010,-0.05,-0.05,0.6
2/23/2010,-1.24,0.32,-0.94
2/24/2010,0.94,-0.37,0.54
2/25/2010,-0.13,0.22,0.26
2/26/2010,0.13,-0.57,0.42
3/1/2010,1.2,1.23,0.04
3/2/2010,0.32,0.62,0.19
3/3/2010,0.09,0.16,0.09
3/4/2010,0.37,0.11,0.2
3/5/2010,1.43,0.41,0.63
3/8/2010,0.02,0.09,0.3
3/9/2010,0.21,0.25,-0.09
3/10/2010,0.53,0.07,0.71
3/11/2010,0.43,-0.08,-0.09
3/12/2010,-0.02,0.03,-0.26
3/15/2010,-0.02,-0.32,-0.45
3/16/2010,0.78,-0.15,0.57
3/17/2010,0.57,0.06,0.36
3/18/2010,-0.1,-0.16,-0.57
3/19/2010,-0.62,-0.61,-0.63
3/22/2010,0.67,0.87,0.04
3/23/2010,0.8,0.34,0.33
3/24/2010,-0.6,-0.63,0.8
3/25/2010,-0.26,-0.46,-0.25
3/26/2010,0.06,-0.11,0.26
3/29/2010,0.59,-0.1,0.2
3/30/2010,0.04,0.29,-0.45
3/31/2010,-0.36,-0.51,0.2
4/1/2010,0.75,-0.04,0.79
4/5/2010,0.95,1.04,0.85
4/6/2010,0.19,0.24,0.48
4/7/2010,-0.48,0.19,0.27
4/8/2010,0.31,-0.3,0.36
4/9/2010,0.66,-0.14,0.15
4/12/2010,0.23,0.27,0.07
4/13/2010,0.07,0.16,-0.07
4/14/2010,1.24,0.87,1.43
4/15/2010,0.11,0.59,-0.04
4/16/2010,-1.53,0.84,-1.88
4/19/2010,0.28,-0.87,-0.04
4/20/2010,0.88,0.65,0.58
4/21/2010,-0.06,0.72,0.18
4/22/2010,0.37,0.8,0.54
4/23/2010,0.7,0.33,0.59
4/26/2010,-0.43,0.49,-0.4
4/27/2010,-2.34,0.12,-1.35
4/28/2010,0.56,-0.74,0.7
4/29/2010,1.34,0.43,0.56
4/30/2010,-1.72,-0.97,-0.88
5/3/2010,1.36,0.62,0.6
5/4/2010,-2.5,-0.56,-0.92
5/5/2010,-0.75,-0.74,-0.59
5/6/2010,-3.27,-0.27,-0.9
5/7/2010,-1.75,-1.3,-0.5
5/10/2010,4.47,0.95,1.21
5/11/2010,-0.17,1.15,-0.14
5/12/2010,1.63,1.47,0.15
5/13/2010,-1.12,0.32,-0.32
5/14/2010,-1.92,-0.25,-0.76
5/17/2010,0.11,0.07,-0.59
5/18/2010,-1.41,-0.23,-0.96
5/19/2010,-0.63,-0.96,0.03
5/20/2010,-3.99,-0.9,-1.19
5/21/2010,1.44,-0.46,1.58
5/24/2010,-1.19,0.3,-0.89
5/25/2010,-0.03,-0.48,0.56
5/26/2010,-0.35,0.83,0.4
5/27/2010,3.45,0.63,1.61
5/28/2010,-1.18,0.1,-0.68
6/1/2010,-1.89,-1.03,-1.63
6/2/2010,2.63,0.18,0.41
6/3/2010,0.54,0.72,-0.28
6/4/2010,-3.62,-1.22,-0.67
6/7/2010,-1.52,-1.09,-1.01
6/8/2010,0.91,-1.42,0.11
6/9/2010,-0.46,0.75,-0.2
6/10/2010,2.95,0.38,0.87
6/11/2010,0.62,0.95,0.05
6/14/2010,-0.06,0.65,-0.01
6/15/2010,2.36,0.07,0.89
6/16/2010,-0.11,-0.19,-0.31
6/17/2010,0.08,-0.14,-0.49
6/18/2010,0.13,-0.03,0.24
6/21/2010,-0.47,-0.55,-0.02
6/22/2010,-1.63,-0.34,-0.74
6/23/2010,-0.29,-0.04,0.22
6/24/2010,-1.65,0.14,-0.9
6/25/2010,0.48,1.03,1.07
6/28/2010,-0.23,-0.02,-0.77
6/29/2010,-3.23,-0.64,-1.29
6/30/2010,-0.98,0.05,-0.34
7/1/2010,-0.4,-0.31,-0.43
7/2/2010,-0.5,-0.3,-0.44
7/6/2010,0.33,-2,0.11
7/7/2010,3.17,0.05,0.43
7/8/2010,1,0.59,-0.01
7/9/2010,0.81,0.67,0.61
7/12/2010,-0.11,-1.18,0.11
7/13/2010,1.76,1.61,0.63
7/14/2010,-0.04,-0.15,-0.81
7/15/2010,0.02,-0.88,-0.13
7/16/2010,-2.94,-0.55,-0.93
7/19/2010,0.54,-0.16,-0.19
7/20/2010,1.23,0.66,0.05
7/21/2010,-1.3,-0.39,-0.43
7/22/2010,2.37,1.24,0.58
7/23/2010,1.05,1.45,-0.31
7/26/2010,1.23,0.88,0.15
7/27/2010,-0.23,-0.34,0.36
7/28/2010,-0.82,-0.88,0.04
7/29/2010,-0.36,0.3,0.64
7/30/2010,0.06,0.05,-0.21
8/2/2010,2.09,-0.55,0.13
8/3/2010,-0.56,-0.38,-0.5
8/4/2010,0.74,0.45,-0.1
8/5/2010,-0.22,-0.86,0.14
8/6/2010,-0.36,-0.16,-0.37
8/9/2010,0.62,0.61,0.08
8/10/2010,-0.79,-1.23,-0.23
8/11/2010,-2.91,-1.08,-0.63
8/12/2010,-0.5,-0.06,-0.06
8/13/2010,-0.47,-0.79,0.24
8/16/2010,0.1,0.94,-0.18
8/17/2010,1.31,0.58,-0.26
8/18/2010,0.21,0.07,0.08
8/19/2010,-1.74,-0.84,-0.4
8/20/2010,-0.28,0.28,-0.23
8/23/2010,-0.5,-0.95,-0.4
8/24/2010,-1.48,0.14,0.16
8/25/2010,0.45,1.06,0
8/26/2010,-0.76,-0.08,-0.24
8/27/2010,1.82,0.95,0.36
8/30/2010,-1.54,-0.85,-0.42
8/31/2010,0.01,-0.27,0.81
9/1/2010,3.05,0.63,0.47
9/2/2010,0.97,0.26,-0.36
9/3/2010,1.35,0.35,0.22
9/7/2010,-1.23,-0.79,-0.77
9/8/2010,0.65,0.04,0.17
9/9/2010,0.44,-0.51,0.58
9/10/2010,0.45,-0.08,-0.16
9/13/2010,1.3,1.13,0.23
9/14/2010,-0.06,-0.23,-0.51
9/15/2010,0.36,0.11,-0.18
9/16/2010,-0.07,-0.52,-0.67
9/17/2010,0.15,0.63,-0.6
9/20/2010,1.6,1.14,0.23
9/21/2010,-0.31,-0.3,-0.27
9/22/2010,-0.52,-0.56,-0.6
9/23/2010,-0.78,-0.07,-0.68
9/24/2010,2.19,1,0.51
9/27/2010,-0.46,0.2,-0.49
9/28/2010,0.58,0.53,0.09
9/29/2010,-0.17,0.67,-0.25
9/30/2010,-0.26,0.06,0.28
10/1/2010,0.43,-0.06,0.21
10/4/2010,-0.88,-0.72,-0.03
10/5/2010,2.11,0.78,0.16
10/6/2010,-0.1,-0.37,0.45
10/7/2010,-0.16,0.05,-0.29
10/8/2010,0.74,0.97,-0.2
10/11/2010,0.04,0.05,-0.2
10/12/2010,0.39,-0.06,0.24
10/13/2010,0.78,0.9,-0.35
10/14/2010,-0.38,0.42,-0.4
10/15/2010,0.18,-0.08,-1.27
10/18/2010,0.69,0.06,0.91
10/19/2010,-1.67,-0.7,0.26
10/20/2010,1.06,0.06,0.09
10/21/2010,0.11,-0.53,-0.48
10/22/2010,0.29,0.44,-0.4
10/25/2010,0.31,0.45,-0.47
10/26/2010,0.02,-0.01,-0.19
10/27/2010,-0.24,-0.19,-0.24
10/28/2010,0.08,-0.62,-0.08
10/29/2010,0.07,0.34,-0.11
11/1/2010,-0.01,-0.64,-0.21
11/2/2010,0.9,1.34,-0.21
11/3/2010,0.38,-0.07,0.19
11/4/2010,1.94,0.48,1.04
11/5/2010,0.41,-0.11,0.64
11/8/2010,-0.12,0.43,-0.46
11/9/2010,-0.78,-0.39,-0.49
11/10/2010,0.53,0.56,0.59
11/11/2010,-0.35,-0.08,-0.15
11/12/2010,-1.29,-0.48,-0.05
11/15/2010,-0.09,0.2,0.31
11/16/2010,-1.58,-0.34,-0.11
11/17/2010,0.07,0.36,-0.28
11/18/2010,1.57,0.32,-0.31
11/19/2010,0.31,0.21,-0.23
11/22/2010,-0.02,0.61,-0.96
11/23/2010,-1.38,0.5,-0.29
11/24/2010,1.59,0.67,0.04
11/26/2010,-0.67,0.3,-0.36
11/29/2010,-0.13,0,0.42
11/30/2010,-0.59,-0.19,0
12/1/2010,2.12,-0.08,0
12/2/2010,1.23,-0.31,0.63
12/3/2010,0.35,0.39,0.09
12/6/2010,-0.03,0.75,-0.04
12/7/2010,0.1,0.35,0.05
12/8/2010,0.32,-0.54,0.67
12/9/2010,0.42,-0.04,0.63
12/10/2010,0.67,0.44,0.22
12/13/2010,-0.08,-0.56,0.03
12/14/2010,0.09,-0.04,-0.13
12/15/2010,-0.49,0.22,-0.56
12/16/2010,0.7,0.44,-0.14
12/17/2010,0.15,0.16,-0.18
12/20/2010,0.23,-0.01,0.3
12/21/2010,0.68,0.34,0.75
12/22/2010,0.29,-0.37,0.81
12/23/2010,-0.16,0.1,-0.31
12/27/2010,0.08,0.21,0.47
12/28/2010,0,-0.43,0.17
12/29/2010,0.17,0.12,-0.16
12/30/2010,-0.11,0.14,-0.04
12/31/2010,-0.1,-0.64,0.23
1/3/2011,1.18,0.5,0.77
1/4/2011,-0.26,-1.38,0.07
1/5/2011,0.59,0.59,0.13
1/6/2011,-0.15,-0.07,-0.33
1/7/2011,-0.21,-0.26,-0.27
1/10/2011,-0.02,0.53,-0.16
1/11/2011,0.39,0.12,0.18
1/12/2011,0.87,-0.06,0.27
1/13/2011,-0.17,0.14,-0.35
1/14/2011,0.69,0.02,0.58
1/18/2011,0.18,0.08,-0.51
1/19/2011,-1.24,-1.36,-0.52
1/20/2011,-0.29,-1.04,0.7
1/21/2011,0.11,-0.89,0.59
1/24/2011,0.65,0.3,-0.28
1/25/2011,0.02,0.01,0.13
1/26/2011,0.6,1.39,-0.22
1/27/2011,0.26,-0.11,0.36
1/28/2011,-1.88,-0.88,-0.03
1/31/2011,0.71,0.01,-0.26
2/1/2011,1.75,0.46,0.52
2/2/2011,-0.26,-0.04,-0.38
2/3/2011,0.26,-0.03,-0.06
2/4/2011,0.29,0.05,-0.51
2/7/2011,0.7,0.26,0.59
2/8/2011,0.48,0.23,-0.01
2/9/2011,-0.31,-0.19,-0.06
2/10/2011,0.12,0.32,-0.29
2/11/2011,0.67,0.4,0.5
2/14/2011,0.3,0.21,-0.17
2/15/2011,-0.38,-0.36,0.31
2/16/2011,0.68,0.37,0.24
2/17/2011,0.37,0.36,0.17
2/18/2011,0.12,-0.1,0.05
2/22/2011,-2.19,-0.51,-0.31
2/23/2011,-0.78,-1.16,0.41
2/24/2011,0.04,0.71,-0.34
2/25/2011,1.22,1.01,0.25
2/28/2011,0.42,-0.44,0.25
3/1/2011,-1.58,-0.31,-0.05
3/2/2011,0.28,0.32,-0.3
3/3/2011,1.76,0.45,-0.06
3/4/2011,-0.67,0.28,-0.53
3/7/2011,-0.96,-0.73,0.08
3/8/2011,0.97,0.44,0.7
3/9/2011,-0.17,-0.27,0.34
3/10/2011,-1.93,-0.75,-0.31
3/11/2011,0.69,-0.35,0.16
3/14/2011,-0.59,0.11,-0.42
3/15/2011,-1.05,0.28,-0.16
3/16/2011,-1.77,0.64,-0.12
3/17/2011,1.12,-0.81,0.57
3/18/2011,0.49,0.55,0.19
3/21/2011,1.58,0.99,-0.24
3/22/2011,-0.34,-0.09,-0.05
3/23/2011,0.31,0.15,-0.44
3/24/2011,0.96,-0.09,-0.42
3/25/2011,0.41,0.43,-0.02
3/28/2011,-0.35,0.03,-0.22
3/29/2011,0.74,0.24,-0.21
3/30/2011,0.79,0.44,0.05
3/31/2011,-0.11,0.6,-0.29
4/1/2011,0.52,-0.13,0.21
4/4/2011,0.09,0.23,-0.1
4/5/2011,0.08,0.49,-0.23
4/6/2011,0.21,-0.2,0.64
4/7/2011,-0.2,-0.22,-0.18
4/8/2011,-0.47,-0.55,-0.28
4/11/2011,-0.39,-0.63,-0.05
4/12/2011,-0.84,-0.68,0.08
4/13/2011,0.11,0.14,-0.69
4/14/2011,0,0.39,-0.35
4/15/2011,0.44,0.58,-0.09
4/18/2011,-1.15,-0.39,-0.32
4/19/2011,0.5,-0.36,-0.18
4/20/2011,1.45,0.63,-0.6
4/21/2011,0.56,0.32,-0.07
4/25/2011,-0.16,-0.08,0
4/26/2011,0.89,0.16,-0.02
4/27/2011,0.66,-0.12,-0.21
4/28/2011,0.32,-0.12,0.16
4/29/2011,0.29,0.2,-0.09
5/2/2011,-0.28,-0.89,-0.2
5/3/2011,-0.5,-1.01,0.38
5/4/2011,-0.74,-0.54,-0.09
5/5/2011,-0.82,0.5,-0.32
5/6/2011,0.46,0.04,-0.16
5/9/2011,0.55,0.67,-0.5
5/10/2011,0.86,0.66,0.26
5/11/2011,-1.09,-0.61,-0.42
5/12/2011,0.52,0.39,-0.46
5/13/2011,-0.88,-0.45,-0.33
5/16/2011,-0.76,-1.01,0.43
5/17/2011,-0.11,-0.49,0.18
5/18/2011,1.02,0.67,-0.31
5/19/2011,0.22,-0.04,-0.1
5/20/2011,-0.73,0.1,-0.2
5/23/2011,-1.29,-0.51,0.01
5/24/2011,-0.14,-0.28,-0.05
5/25/2011,0.45,1.03,-0.35
5/26/2011,0.52,0.68,-0.13
5/27/2011,0.49,0.19,0.22
5/31/2011,1.04,0.45,-0.04
6/1/2011,-2.33,-0.74,-0.28
6/2/2011,-0.1,-0.04,0.11
6/3/2011,-1.1,-0.54,0.15
6/6/2011,-1.18,-0.24,-0.32
6/7/2011,-0.04,0.33,-0.11
6/8/2011,-0.54,-0.72,0.04
6/9/2011,0.75,-0.1,0.01
6/10/2011,-1.37,-0.25,0.43
6/13/2011,0.01,-0.55,0.4
6/14/2011,1.36,1.05,-0.39
6/15/2011,-1.72,-0.01,-0.16
6/16/2011,0.12,-0.08,0.47
6/17/2011,0.25,-0.4,0.67
6/20/2011,0.58,0.38,-0.09
6/21/2011,1.52,0.96,-0.4
6/22/2011,-0.62,-0.1,0
6/23/2011,-0.14,0.65,-0.81
6/24/2011,-1.1,0.45,0.09
6/27/2011,0.89,0.05,-0.04
6/28/2011,1.36,0.43,-0.54
6/29/2011,0.77,-0.7,0.65
6/30/2011,0.99,0.17,-0.24
7/1/2011,1.45,-0.04,0.15
7/5/2011,-0.08,0.23,-0.85
7/6/2011,0.18,0.43,-0.58
7/7/2011,1.1,0.46,0.16
7/8/2011,-0.67,0.01,-0.41
7/11/2011,-1.91,-0.12,-0.33
7/12/2011,-0.45,0.03,0.43
7/13/2011,0.45,0.58,-0.14
7/14/2011,-0.82,-0.82,0.14
7/15/2011,0.58,0.11,-0.51
7/18/2011,-0.94,-0.57,-0.42
7/19/2011,1.72,0.57,-0.66
7/20/2011,-0.1,-0.32,0.79
7/21/2011,1.29,-0.36,1.1
7/22/2011,0.1,-0.1,-0.7
7/25/2011,-0.68,-0.59,0.14
7/26/2011,-0.47,-0.35,0.31
7/27/2011,-2.16,-0.76,0.39
7/28/2011,-0.31,0.11,-0.02
7/29/2011,-0.56,0.25,0.11
8/1/2011,-0.4,-0.16,0.15
8/2/2011,-2.68,-0.43,0.19
8/3/2011,0.58,0.24,-0.4
8/4/2011,-5.04,-0.8,0.39
8/5/2011,-0.36,-1.22,-0.58
8/8/2011,-6.97,-1.39,-1.63
8/9/2011,4.97,0.91,0.71
8/10/2011,-4.3,-0.5,-1.6
8/11/2011,4.72,0.25,0.79
8/12/2011,0.54,-0.24,-1.51
8/15/2011,2.25,0.46,1.01
8/16/2011,-1.07,-0.8,-0.15
8/17/2011,-0.01,-0.32,0.65
8/18/2011,-4.65,-0.97,0.53
8/19/2011,-1.55,0.13,-0.35
8/22/2011,-0.03,0.16,-0.91
8/23/2011,3.6,1.25,-0.77
8/24/2011,1.35,-0.19,1.01
8/25/2011,-1.67,-1.01,0.52
8/26/2011,1.74,0.86,-1.01
8/29/2011,3.11,1.52,0.92
8/30/2011,0.32,0.29,-0.76
8/31/2011,0.42,-0.81,0.49
9/1/2011,-1.33,-1.06,-0.78
9/2/2011,-2.64,-0.75,-0.75
9/6/2011,-0.72,0.51,-0.65
9/7/2011,3.06,0.89,1.03
9/8/2011,-1.18,-0.74,-0.61
9/9/2011,-2.65,-0.18,-0.03
9/12/2011,0.68,0,0.36
9/13/2011,1.12,0.78,-0.4
9/14/2011,1.45,0.42,-0.38
9/15/2011,1.64,-0.57,0.58
9/16/2011,0.47,-0.35,-0.36
9/19/2011,-0.99,-0.5,-1.28
9/20/2011,-0.45,-1.49,0.23
9/21/2011,-2.92,-0.32,-1.26
9/22/2011,-3.29,0.14,0.46
9/23/2011,0.74,0.65,-0.03
9/26/2011,2.28,-0.66,1.28
9/27/2011,1.22,1.06,-0.61
9/28/2011,-2.29,-1.65,-0.25
9/29/2011,0.77,0.57,2.11
9/30/2011,-2.5,-0.09,-0.21
10/3/2011,-3.18,-1.91,-0.61
10/4/2011,2.68,3.59,0.45
10/5/2011,1.92,-0.19,-0.46
10/6/2011,1.94,0.18,0.58
10/7/2011,-0.98,-1.24,-1.47
10/10/2011,3.44,0.45,0.64
10/11/2011,0.15,0.65,-0.12
10/12/2011,1.07,0.45,0.94
10/13/2011,-0.21,0.29,-1.27
10/14/2011,1.72,0.14,-0.33
10/17/2011,-2.06,-1.25,-0.51
10/18/2011,2.11,0.6,1.65
10/19/2011,-1.38,-0.75,0.32
10/20/2011,0.43,-0.32,0.74
10/21/2011,1.92,0.13,0.09
10/24/2011,1.59,1.74,-0.37
10/25/2011,-2.13,-0.88,-0.32
10/26/2011,1.12,0.65,0.8
10/27/2011,3.54,1.38,0.91
10/28/2011,-0.01,-0.55,-0.57
10/31/2011,-2.5,0.1,-0.86
11/1/2011,-2.86,-0.49,-1.17
11/2/2011,1.72,0.74,0.94
11/3/2011,1.97,0.6,-0.15
11/4/2011,-0.53,0.02,-0.66
11/7/2011,0.48,-0.7,0.4
11/8/2011,1.21,-0.01,0.55
11/9/2011,-3.78,-0.77,-0.68
11/10/2011,0.83,0.05,0.55
11/11/2011,1.98,0.46,-0.18
11/14/2011,-0.92,-0.44,-0.86
11/15/2011,0.56,0.88,-0.25
11/16/2011,-1.64,-0.15,-0.17
11/17/2011,-1.65,0.23,0.15
11/18/2011,-0.07,0.03,0.91
11/21/2011,-1.87,-0.49,-0.04
11/22/2011,-0.44,-0.28,-0.53
11/23/2011,-2.29,-0.7,-0.28
11/25/2011,-0.34,-1.02,0.48
11/28/2011,3.1,1.58,-0.64
11/29/2011,0.18,-0.51,0.11
11/30/2011,4.44,1.05,1.17
12/1/2011,-0.22,-0.5,-0.67
12/2/2011,0.05,0.44,0.63
12/5/2011,1.09,0.28,0.29
12/6/2011,0.04,-0.07,0.04
12/7/2011,0.16,-0.31,0.74
12/8/2011,-2.23,-0.74,-1.03
12/9/2011,1.83,1.31,0.13
12/12/2011,-1.48,0.07,-0.49
12/13/2011,-1.05,-1.01,0.08
12/14/2011,-1.21,-0.28,0.91
12/15/2011,0.4,0.64,0.16
12/16/2011,0.45,0.22,-0.06
12/19/2011,-1.31,-0.41,-0.71
12/20/2011,3.1,0.76,0.35
12/21/2011,0.2,0,1.29
12/22/2011,0.83,-0.2,0.66
12/23/2011,0.84,-0.62,-0.12
12/27/2011,0.04,0.5,-0.55
12/28/2011,-1.34,-0.7,-0.08
12/29/2011,1.1,0.19,0.29
12/30/2011,-0.4,-0.05,-0.18
1/3/2012,1.5,-0.18,0.92
1/4/2012,0,-0.65,0.03
1/5/2012,0.39,0.18,0.19
1/6/2012,-0.19,0.02,-0.27
1/9/2012,0.28,0.23,-0.06
1/10/2012,0.97,0.37,0.38
1/11/2012,0.13,0.17,0.32
1/12/2012,0.31,0.29,0
1/13/2012,-0.52,-0.24,-0.43
1/17/2012,0.36,-0.09,-0.75
1/18/2012,1.22,0.56,0.19
1/19/2012,0.51,-0.14,-0.21
1/20/2012,0.03,0.24,0.65
1/23/2012,0.02,-0.3,0.16
1/24/2012,0,0.82,-0.32
1/25/2012,0.91,0.11,-0.8
1/26/2012,-0.59,0.22,-0.45
1/27/2012,0.01,0.81,-0.13
1/30/2012,-0.31,-0.44,-0.29
1/31/2012,-0.05,-0.05,0.01
2/1/2012,1.1,1.09,0.38
2/2/2012,0.17,0.39,0.01
2/3/2012,1.58,0.58,0.38
2/6/2012,-0.05,-0.25,-0.21
2/7/2012,0.16,-0.27,-0.09
2/8/2012,0.25,-0.14,0.46
2/9/2012,0.15,-0.36,-0.31
2/10/2012,-0.75,-0.61,-0.05
2/13/2012,0.75,0.6,-0.06
2/14/2012,-0.09,-0.39,-0.36
2/15/2012,-0.5,-0.29,0.09
2/16/2012,1.27,0.68,0.33
2/17/2012,0.16,-0.31,0.51
2/21/2012,-0.05,-0.66,0.26
2/22/2012,-0.39,-0.38,-0.66
2/23/2012,0.56,0.92,-0.03
2/24/2012,0.15,-0.46,-0.64
2/27/2012,0.14,-0.22,0.37
2/28/2012,0.28,-0.62,-0.11
2/29/2012,-0.55,-1.02,0.16
3/1/2012,0.64,-0.23,0.06
3/2/2012,-0.46,-1.25,-0.06
3/5/2012,-0.4,0.46,0.28
3/6/2012,-1.62,-0.31,-0.36
3/7/2012,0.8,0.3,0.28
3/8/2012,1.07,0.36,-0.25
3/9/2012,0.49,0.9,0.16
3/12/2012,-0.07,-0.21,-0.07
3/13/2012,1.86,0.08,0.97
3/14/2012,-0.23,-0.63,-0.2
3/15/2012,0.67,0.27,0.51
3/16/2012,0.06,-0.28,0.37
3/19/2012,0.41,0.53,-0.04
3/20/2012,-0.39,-0.64,0.3
3/21/2012,-0.1,0.3,-0.41
3/22/2012,-0.74,-0.13,-0.45
3/23/2012,0.39,0.56,0.36
3/26/2012,1.45,0.47,-0.21
3/27/2012,-0.3,-0.34,-0.34
3/28/2012,-0.52,-0.03,0.5
3/29/2012,-0.16,-0.03,-0.27
3/30/2012,0.28,-0.71,-0.04
4/2/2012,0.77,0.36,0.07
4/3/2012,-0.34,-0.29,-0.28
4/4/2012,-1.11,-0.57,-0.04
4/5/2012,-0.03,-0.1,-0.42
4/9/2012,-1.21,-0.45,-0.08
4/10/2012,-1.85,-0.41,0.09
4/11/2012,0.85,0.77,0.27
4/12/2012,1.44,0.06,0.29
4/13/2012,-1.25,-0.14,-0.75
4/16/2012,-0.09,0.15,0.82
4/17/2012,1.55,0.06,-0.21
4/18/2012,-0.43,-0.5,-0.45
4/19/2012,-0.57,-0.02,0.25
4/20/2012,0.11,0.54,-0.1
4/23/2012,-0.95,-0.56,0.15
4/24/2012,0.29,0.26,0.91
4/25/2012,1.44,0.4,-0.98
4/26/2012,0.75,-0.02,-0.06
4/27/2012,0.35,0.69,-0.25
4/30/2012,-0.49,-0.57,0
5/1/2012,0.48,-0.86,0.41
5/2/2012,-0.15,0.72,-0.67
5/3/2012,-0.92,-0.62,0.01
5/4/2012,-1.62,-0.26,0.18
5/7/2012,0.04,0.14,0.46
5/8/2012,-0.41,0.33,0.32
5/9/2012,-0.62,0.16,-0.24
5/10/2012,0.29,0.06,0.56
5/11/2012,-0.29,0.27,-1.07
5/14/2012,-1.14,-0.06,-0.16
5/15/2012,-0.52,0.51,-0.21
5/16/2012,-0.44,-0.16,-0.44
5/17/2012,-1.64,-0.48,0.38
5/18/2012,-0.8,-0.13,0.07
5/21/2012,1.69,0.65,-1.1
5/22/2012,0,-0.91,0.35
5/23/2012,0.26,0.5,-0.23
5/24/2012,0.16,-0.03,0.18
5/25/2012,-0.16,0.24,-0.14
5/29/2012,1.14,0.16,-0.02
5/30/2012,-1.47,-0.27,-0.32
5/31/2012,-0.23,0.16,0.53
6/1/2012,-2.6,-0.53,0.06
6/4/2012,-0.05,0.14,-0.59
6/5/2012,0.68,0.24,0.17
6/6/2012,2.32,0.04,0.28
6/7/2012,-0.1,-0.47,0.21
6/8/2012,0.85,0.2,0.05
6/11/2012,-1.41,-0.86,-0.1
6/12/2012,1.16,0.11,0.11
6/13/2012,-0.77,-0.51,0.27
6/14/2012,1.04,0.19,0.32
6/15/2012,1.07,0.09,-0.03
6/18/2012,0.21,0.12,-0.87
6/19/2012,1.09,0.69,0.28
6/20/2012,-0.14,-0.11,0.17
6/21/2012,-2.26,-0.19,0.18
6/22/2012,0.79,0.64,0.18
6/25/2012,-1.63,0.1,-0.28
6/26/2012,0.52,-0.11,0.03
6/27/2012,0.92,0.39,0.47
6/28/2012,-0.24,0.19,0.31
6/29/2012,2.55,0.36,-0.61
7/2/2012,0.33,0.73,-0.06
7/3/2012,0.76,0.65,0.07
7/5/2012,-0.36,0.57,-0.84
7/6/2012,-0.99,-0.38,0.39
7/9/2012,-0.23,-0.23,-0.22
7/10/2012,-0.84,-0.36,0.33
7/11/2012,-0.09,-0.41,0.78
7/12/2012,-0.5,0.25,-0.72
7/13/2012,1.62,-0.39,0.56
7/16/2012,-0.31,-0.37,-0.2
7/17/2012,0.67,-0.56,0.29
7/18/2012,0.71,0.25,-0.82
7/19/2012,0.27,-0.37,-0.95
7/20/2012,-1.06,-0.36,0.08
7/23/2012,-1.02,-0.68,0.19
7/24/2012,-0.99,-0.57,0.3
7/25/2012,-0.01,0.26,0
7/26/2012,1.53,-0.88,0.34
7/27/2012,1.96,0.55,0.07
7/30/2012,-0.13,-0.4,0.23
7/31/2012,-0.47,-0.04,0.2
8/1/2012,-0.5,-1.58,0.36
8/2/2012,-0.69,0.28,-0.34
8/3/2012,1.99,0.54,0.51
8/6/2012,0.34,0.57,0.02
8/7/2012,0.64,0.34,0.08
8/8/2012,0.09,-0.24,0.63
8/9/2012,0.12,0.36,0.04
8/10/2012,0.17,-0.35,-0.05
8/13/2012,-0.14,-0.14,0.02
8/14/2012,-0.03,-0.43,-0.03
8/15/2012,0.27,0.73,-0.06
8/16/2012,0.75,0.45,-0.16
8/17/2012,0.27,0.61,0.11
8/20/2012,-0.06,-0.47,0.58
8/21/2012,-0.31,0.1,0.43
8/22/2012,0,-0.43,-0.35
8/23/2012,-0.78,0,-0.35
8/24/2012,0.61,-0.25,-0.03
8/27/2012,-0.06,0.13,-0.1
8/28/2012,0.01,0.59,-0.11
8/29/2012,0.15,0.25,0.11
8/30/2012,-0.8,-0.44,-0.04
8/31/2012,0.52,-0.1,-0.03
9/4/2012,0.08,1,-0.19
9/5/2012,-0.05,-0.09,0.36
9/6/2012,2.07,-0.13,0.33
9/7/2012,0.45,-0.04,0.76
9/10/2012,-0.57,0.33,-0.07
9/11/2012,0.28,0,0.51
9/12/2012,0.27,0.14,0.28
9/13/2012,1.56,-0.42,0.53
9/14/2012,0.54,0.51,0.46
9/17/2012,-0.42,-0.16,-0.71
9/18/2012,-0.15,0,-0.22
9/19/2012,0.18,-0.14,0.03
9/20/2012,-0.13,-0.43,-0.12
9/21/2012,0.04,0.5,-0.01
9/24/2012,-0.26,-0.18,0.35
9/25/2012,-1.11,-0.31,-0.33
9/26/2012,-0.57,-0.03,0.01
9/27/2012,0.99,0.23,-0.13
9/28/2012,-0.46,-0.29,-0.23
10/1/2012,0.26,0.08,0.22
10/2/2012,0.1,-0.15,0.25
10/3/2012,0.36,-0.64,-0.03
10/4/2012,0.76,-0.21,0.7
10/5/2012,-0.03,-0.16,0.23
10/8/2012,-0.36,-0.24,0.19
10/9/2012,-1.05,-0.31,0.33
10/10/2012,-0.58,0.41,0.28
10/11/2012,0.11,0.25,0.62
10/12/2012,-0.34,-0.3,-0.87
10/15/2012,0.79,-0.16,0.12
10/16/2012,1,-0.24,-0.22
10/17/2012,0.49,0.14,1.05
10/18/2012,-0.31,-0.59,0.24
10/19/2012,-1.68,-0.41,0.46
10/22/2012,0.01,-0.05,0.18
10/23/2012,-1.29,0.99,-0.49
10/24/2012,-0.28,-0.13,0.41
10/25/2012,0.27,0.2,0.03
10/26/2012,-0.07,-0.13,-0.43
10/31/2012,0.14,0.5,0.37
11/1/2012,1.19,0.18,0.14
11/2/2012,-1.04,-0.54,0.24
11/5/2012,0.28,0.43,-0.22
11/6/2012,0.8,-0.07,0.53
11/7/2012,-2.31,-0.03,-1.34
11/8/2012,-1.24,-0.26,0.44
11/9/2012,0.15,0.01,-0.11
11/12/2012,0,-0.16,0.02
11/13/2012,-0.4,-0.2,-0.29
11/14/2012,-1.4,-0.34,-0.19
11/15/2012,-0.24,-0.41,0.22
11/16/2012,0.58,0.06,0.07
11/19/2012,1.98,0.23,-0.06
11/20/2012,0.11,-0.06,0.17
11/21/2012,0.31,0.37,-0.15
11/23/2012,1.28,-0.16,0.08
11/26/2012,-0.14,0.54,-0.18
11/27/2012,-0.43,0.45,-0.2
11/28/2012,0.83,0.04,-0.31
11/29/2012,0.54,0.7,0
11/30/2012,0.02,-0.16,0.28
12/3/2012,-0.46,0.3,0.24
12/4/2012,-0.16,0.36,-0.03
12/5/2012,0.17,-0.68,0.88
12/6/2012,0.31,-0.17,-0.11
12/7/2012,0.27,-0.41,0.29
12/10/2012,0.11,0.45,-0.05
12/11/2012,0.68,0.45,-0.08
12/12/2012,-0.02,-0.72,0.52
12/13/2012,-0.58,0.09,0.07
12/14/2012,-0.34,0.29,0.23
12/17/2012,1.16,-0.07,0.62
12/18/2012,1.2,0.3,0.08
12/19/2012,-0.6,0.61,0.27
12/20/2012,0.53,-0.25,0.75
12/21/2012,-0.88,0.47,-0.27
12/24/2012,-0.24,-0.19,-0.02
12/26/2012,-0.54,-0.19,0.31
12/27/2012,-0.11,0,-0.13
12/28/2012,-1,0.46,0.03
12/31/2012,1.71,0.39,-0.12
1/2/2013,2.62,0.15,0.38
1/3/2013,-0.14,0.11,0.04
1/4/2013,0.55,0.12,0.36
1/7/2013,-0.31,-0.1,-0.35
1/8/2013,-0.27,0.05,0
1/9/2013,0.34,0.27,-0.4
1/10/2013,0.66,-0.65,0.49
1/11/2013,0.02,0.09,-0.43
1/14/2013,-0.06,0.03,-0.05
1/15/2013,0.19,0.23,0
1/16/2013,-0.04,-0.26,0.23
1/17/2013,0.61,0.42,-0.1
1/18/2013,0.29,0.03,-0.09
1/22/2013,0.48,0.16,0.44
1/23/2013,0.1,-0.31,-0.13
1/24/2013,0.09,0.29,0.04
1/25/2013,0.59,-0.14,-0.32
1/28/2013,-0.14,0.41,0.15
1/29/2013,0.36,-0.44,0.31
1/30/2013,-0.38,-0.84,0.16
1/31/2013,-0.08,0.7,0.17
2/1/2013,0.99,0.07,0.24
2/4/2013,-1.19,-0.13,-0.17
2/5/2013,1.07,-0.07,0.14
2/6/2013,0.15,0.28,0.14
2/7/2013,-0.15,-0.04,0.02
2/8/2013,0.58,0.01,-0.18
2/11/2013,-0.08,-0.02,0.38
2/12/2013,0.16,0.22,0.72
2/13/2013,0.14,0.1,0.01
2/14/2013,0.11,0.3,0.12
2/15/2013,-0.11,0.04,-0.09
2/19/2013,0.74,0.22,0.15
2/20/2013,-1.36,-0.55,-0.61
2/21/2013,-0.66,-0.28,-0.03
2/22/2013,0.94,0.21,-0.04
2/25/2013,-1.82,-0.18,-0.72
2/26/2013,0.58,-0.17,0.04
2/27/2013,1.29,-0.38,0.15
2/28/2013,-0.05,0.11,-0.13
3/1/2013,0.22,0.16,-0.3
3/4/2013,0.47,-0.34,0.11
3/5/2013,1.01,0.17,-0.17
3/6/2013,0.18,0.06,0.47
3/7/2013,0.27,0.17,0.43
3/8/2013,0.52,0.38,-0.16
3/11/2013,0.3,-0.33,0.26
3/12/2013,-0.22,0.04,-0.18
3/13/2013,0.2,0.18,0.14
3/14/2013,0.58,0.37,0.4
3/15/2013,-0.19,0.02,0.39
3/18/2013,-0.5,0.14,-0.29
3/19/2013,-0.24,-0.02,0.01
3/20/2013,0.76,0.25,-0.01
3/21/2013,-0.85,0.18,-0.26
3/22/2013,0.62,-0.44,-0.25
3/25/2013,-0.29,0.3,0.02
3/26/2013,0.76,-0.39,-0.21
3/27/2013,-0.02,0.14,-0.29
3/28/2013,0.39,-0.27,-0.27
4/1/2013,-0.57,-0.92,0.02
4/2/2013,0.33,-0.89,-0.27
4/3/2013,-1.16,-0.41,-0.11
4/4/2013,0.42,0.19,0.26
4/5/2013,-0.41,0.05,0.31
4/8/2013,0.7,0.15,0.26
4/9/2013,0.31,-0.41,0.17
4/10/2013,1.28,0.63,-0.08
4/11/2013,0.35,-0.23,-0.18
4/12/2013,-0.28,-0.09,-0.45
4/15/2013,-2.48,-1.44,-0.27
4/16/2013,1.47,0.18,0.08
4/17/2013,-1.46,-0.26,-0.52
4/18/2013,-0.71,0.17,-0.03
4/19/2013,0.97,0.08,0.1
4/22/2013,0.45,-0.17,-0.13
4/23/2013,1.11,0.47,0.61
4/24/2013,0.06,0.35,1.15
4/25/2013,0.49,0.17,-0.11
4/26/2013,-0.2,-0.37,-0.24
4/29/2013,0.67,0.09,-0.09
4/30/2013,0.29,0.36,-0.01
5/1/2013,-1.08,-1.39,-0.17
5/2/2013,1.04,0.6,0.1
5/3/2013,1.12,0.63,0.18
5/6/2013,0.23,0.24,0.83
5/7/2013,0.54,0.1,0.15
5/8/2013,0.44,-0.25,0.15
5/9/2013,-0.31,0.1,-0.25
5/10/2013,0.54,0.43,-0.18
5/13/2013,-0.02,-0.21,-0.04
5/14/2013,1.1,0.13,0.27
5/15/2013,0.51,-0.11,0.21
5/16/2013,-0.5,0.15,-0.25
5/17/2013,1.04,-0.02,0.31
5/20/2013,-0.06,0.35,0.48
5/21/2013,0.16,-0.11,-0.06
5/22/2013,-0.92,-0.7,-0.14
5/23/2013,-0.19,0.47,-0.11
5/24/2013,-0.06,0.17,0.07
5/28/2013,0.77,0.63,0.23
5/29/2013,-0.7,-0.36,0.59
5/30/2013,0.5,0.33,0.48
5/31/2013,-1.31,0.52,-0.26
6/3/2013,0.48,0.16,0.07
6/4/2013,-0.55,-0.31,-0.15
6/5/2013,-1.38,0.07,-0.24
6/6/2013,0.89,0.18,0.21
6/7/2013,1.3,-0.47,0.06
6/10/2013,0.07,0.66,0.2
6/11/2013,-1.04,0.02,-0.57
6/12/2013,-0.82,0.02,-0.05
6/13/2013,1.47,0.1,0.34
6/14/2013,-0.59,-0.22,-0.57
6/17/2013,0.74,-0.08,0.12
6/18/2013,0.8,0.38,-0.08
6/19/2013,-1.28,0.16,0.15
6/20/2013,-2.45,0.02,0.4
6/21/2013,0.13,0.22,-0.07
6/24/2013,-1.19,0.1,-0.66
6/25/2013,0.96,-0.02,0.81
6/26/2013,0.92,-0.74,-0.16
6/27/2013,0.77,0.82,0.37
6/28/2013,-0.33,0.31,-0.13
7/1/2013,0.71,0.79,-0.12
7/2/2013,-0.1,0,0.05
7/3/2013,0.11,0.19,-0.21
7/5/2013,1.11,0.34,0.47
7/8/2013,0.53,-0.18,0.04
7/9/2013,0.74,0.04,0.3
7/10/2013,0.06,0.36,-0.37
7/11/2013,1.32,-0.09,-0.66
7/12/2013,0.33,-0.02,0.2
7/15/2013,0.2,0.49,0.33
7/16/2013,-0.41,0.03,0.09
7/17/2013,0.3,-0.03,0.19
7/18/2013,0.54,0.01,0.96
7/19/2013,0.09,-0.13,0.27
7/22/2013,0.22,0.1,0.33
7/23/2013,-0.15,0.1,0.3
7/24/2013,-0.39,-0.28,-0.27
7/25/2013,0.42,0.61,-0.36
7/26/2013,0.02,-0.62,-0.29
7/29/2013,-0.37,-0.3,-0.31
7/30/2013,0.12,0.2,-0.5
7/31/2013,0.09,0.14,0.13
8/1/2013,1.4,0.05,0.09
8/2/2013,0.2,-0.2,-0.32
8/5/2013,-0.07,0.48,-0.15
8/6/2013,-0.68,-0.33,-0.1
8/7/2013,-0.42,-0.37,-0.01
8/8/2013,0.47,0,0.04
8/9/2013,-0.29,0.12,-0.19
8/12/2013,-0.02,0.58,-0.23
8/13/2013,0.2,-0.3,-0.05
8/14/2013,-0.5,0.14,0.29
8/15/2013,-1.47,-0.37,0.28
8/16/2013,-0.26,0.04,0.13
8/19/2013,-0.62,-0.19,-0.75
8/20/2013,0.53,0.86,0.09
8/21/2013,-0.59,-0.02,-0.43
8/22/2013,0.93,0.52,0.07
8/23/2013,0.38,-0.23,-0.15
8/26/2013,-0.29,0.52,-0.48
8/27/2013,-1.75,-0.72,-0.34
8/28/2013,0.3,0.1,0.08
8/29/2013,0.34,0.81,-0.44
8/30/2013,-0.47,-1.14,-0.19
9/3/2013,0.46,0.03,0.17
9/4/2013,0.83,0,-0.18
9/5/2013,0.19,0.15,0.41
9/6/2013,0,0.03,0.02
9/9/2013,1.09,0.47,-0.22
9/10/2013,0.8,0.01,0.2
9/11/2013,0.28,-0.24,0.04
9/12/2013,-0.32,-0.23,-0.37
9/13/2013,0.29,0.26,-0.05
9/16/2013,0.49,-0.44,0.4
9/17/2013,0.54,0.47,-0.13
9/18/2013,1.1,-0.17,-0.47
9/19/2013,-0.13,0.17,-0.63
9/20/2013,-0.63,0.53,0.2
9/23/2013,-0.45,0.46,-0.42
9/24/2013,-0.13,0.53,0.02
9/25/2013,-0.23,0.02,0.58
9/26/2013,0.42,0.2,-0.72
9/27/2013,-0.39,-0.02,-0.02
9/30/2013,-0.49,0.52,0.01
10/1/2013,0.9,0.41,-0.1
10/2/2013,-0.1,-0.37,-0.07
10/3/2013,-0.88,-0.19,0.19
10/4/2013,0.74,-0.02,0.11
10/7/2013,-0.95,-0.27,-0.01
10/8/2013,-1.35,-0.48,0.79
10/9/2013,-0.05,-0.44,0.62
10/10/2013,2.23,0.16,-0.04
10/11/2013,0.71,0.79,0
10/14/2013,0.44,0.21,-0.09
10/15/2013,-0.73,-0.21,0.03
10/16/2013,1.37,-0.33,0.17
10/17/2013,0.7,0.16,-0.06
10/18/2013,0.72,0.27,0.13
10/21/2013,-0.02,-0.11,0.01
10/22/2013,0.5,-0.26,0.05
10/23/2013,-0.51,0.16,-0.33
10/24/2013,0.42,0.43,-0.3
10/25/2013,0.33,-0.32,0.08
10/28/2013,0.09,-0.04,0.06
10/29/2013,0.54,-0.14,-0.06
10/30/2013,-0.61,-0.78,0.47
10/31/2013,-0.34,-0.08,-0.45
11/1/2013,0.2,-0.67,0.23
11/4/2013,0.47,0.77,-0.06
11/5/2013,-0.23,-0.01,-0.25
11/6/2013,0.27,-0.82,0.34
11/7/2013,-1.46,-0.32,0.15
11/8/2013,1.45,0.51,0.46
11/11/2013,0.12,0,-0.13
11/12/2013,-0.19,0.41,-0.7
11/13/2013,0.9,0.11,-0.11
11/14/2013,0.43,-0.58,0.3
11/15/2013,0.43,0.08,-0.28
11/18/2013,-0.5,-0.46,0.46
11/19/2013,-0.27,-0.31,0.26
11/20/2013,-0.33,0.26,0.04
11/21/2013,0.97,0.78,-0.03
11/22/2013,0.5,-0.05,0.08
11/25/2013,-0.11,0.14,0.13
11/26/2013,0.18,0.84,-0.42
11/27/2013,0.3,0.34,-0.04
11/29/2013,-0.02,0.28,-0.15
12/2/2013,-0.31,-0.97,0.14
12/3/2013,-0.34,-0.06,-0.09
12/4/2013,-0.07,-0.22,0.29
12/5/2013,-0.35,0.69,-0.65
12/6/2013,1.02,-0.29,0.18
12/9/2013,0.17,-0.42,0.01
12/10/2013,-0.34,-0.58,0.23
12/11/2013,-1.17,-0.33,0.06
12/12/2013,-0.23,0.37,0.23
12/13/2013,0.1,0.25,0
12/16/2013,0.67,0.59,-0.13
12/17/2013,-0.26,0.24,-0.08
12/18/2013,1.55,-0.48,0.05
12/19/2013,-0.1,-0.56,0.24
12/20/2013,0.69,1.3,-0.29
12/23/2013,0.62,0.5,-0.01
12/24/2013,0.34,0.1,0.09
12/26/2013,0.44,-0.31,-0.31
12/27/2013,-0.05,-0.07,0.24
12/30/2013,0,0.03,-0.31
12/31/2013,0.44,-0.18,0.09
1/2/2014,-0.88,-0.28,0.18
1/3/2014,0.03,0.36,0.04
1/6/2014,-0.34,-0.57,0.29
1/7/2014,0.68,0.38,-0.37
1/8/2014,0.04,-0.01,-0.11
1/9/2014,0.02,0.2,-0.44
1/10/2014,0.27,0.55,-0.82
1/13/2014,-1.32,-0.08,0.1
1/14/2014,1.15,0.15,-0.31
1/15/2014,0.53,0.21,0.2
1/16/2014,-0.07,0.32,-0.7
1/17/2014,-0.39,0.03,0.02
1/21/2014,0.3,0.47,0
1/22/2014,0.15,0.29,0.22
1/23/2014,-0.86,0.16,-0.54
1/24/2014,-2.19,-0.37,0.17
1/27/2014,-0.65,-0.84,0.38
1/28/2014,0.73,0.16,0.07
1/29/2014,-1.07,-0.4,0.21
1/30/2014,1.22,0.3,-0.38
1/31/2014,-0.66,-0.07,-0.34
2/3/2014,-2.49,-0.86,0.27
2/4/2014,0.77,-0.03,-0.03
2/5/2014,-0.23,-0.61,0.2
2/6/2014,1.21,-0.48,0.27
2/7/2014,1.33,-0.17,-0.63
2/10/2014,0.16,0.14,-0.47
2/11/2014,1.09,-0.19,0.25
2/12/2014,0.11,0.26,-0.06
2/13/2014,0.72,0.7,-0.07
2/14/2014,0.42,-0.37,0.36
2/18/2014,0.27,0.96,-0.24
2/19/2014,-0.74,-0.28,-0.44
2/20/2014,0.7,0.55,-0.22
2/21/2014,-0.09,0.35,-0.02
2/24/2014,0.65,0.18,0.33
2/25/2014,-0.1,0.15,-0.59
2/26/2014,0.12,0.69,-0.1
2/27/2014,0.54,0.13,0.01
2/28/2014,0.15,-0.73,0.84
3/3/2014,-0.7,0.09,0.14
3/4/2014,1.67,1.1,-0.12
3/5/2014,0.01,-0.27,0.29
3/6/2014,0.16,-0.32,0.77
3/7/2014,0.04,-0.11,0.52
3/10/2014,-0.09,-0.1,0.09
3/11/2014,-0.62,-0.53,-0.19
3/12/2014,0.13,0.3,-0.17
3/13/2014,-1.21,-0.11,0.22
3/14/2014,-0.16,0.7,-0.09
3/17/2014,0.9,-0.37,0.02
3/18/2014,0.82,0.75,-0.39
3/19/2014,-0.59,-0.18,0.62
3/20/2014,0.52,-0.49,1
3/21/2014,-0.37,-0.28,0.86
3/24/2014,-0.64,-0.88,0.9
3/25/2014,0.3,-0.35,0.15
3/26/2014,-0.89,-1.16,0.24
3/27/2014,-0.19,-0.09,-0.34
3/28/2014,0.41,-0.44,0.55
3/31/2014,0.97,1,-0.16
4/1/2014,0.87,0.74,-0.37
4/2/2014,0.29,0.04,0.14
4/3/2014,-0.31,-0.89,0.8
4/4/2014,-1.47,-1.12,0.69
4/7/2014,-1.26,-0.3,-0.07
4/8/2014,0.5,0.28,-0.21
4/9/2014,1.21,0.33,-0.86
4/10/2014,-2.24,-0.69,0.77
4/11/2014,-1.07,-0.39,0.23
4/14/2014,0.7,-0.51,0.2
4/15/2014,0.59,-0.37,0.2
4/16/2014,1.13,0.04,-0.36
4/17/2014,0.23,0.34,0.23
4/21/2014,0.36,0.22,-0.42
4/22/2014,0.58,0.73,-0.34
4/23/2014,-0.31,-0.64,0.91
4/24/2014,0.08,-0.39,-0.18
4/25/2014,-1.05,-0.97,0.53
4/28/2014,0.11,-0.63,-0.59
4/29/2014,0.56,-0.23,-0.11
4/30/2014,0.35,0.24,-0.03
5/1/2014,0.04,-0.17,-0.16
5/2/2014,-0.07,0.2,0.41
5/5/2014,0.13,-0.28,-0.54
5/6/2014,-1.03,-0.55,0.12
5/7/2014,0.45,-0.84,1.1
5/8/2014,-0.26,-1.01,0.38
5/9/2014,0.25,0.71,-0.36
5/12/2014,1.2,1.4,-0.25
5/13/2014,-0.05,-1.06,0.21
5/14/2014,-0.6,-1.1,-0.47
5/15/2014,-0.9,0.33,-0.28
5/16/2014,0.36,0.27,-0.42
5/19/2014,0.5,0.62,0.08
5/20/2014,-0.78,-0.82,0.23
5/21/2014,0.81,-0.28,0.1
5/22/2014,0.36,0.63,-0.26
5/23/2014,0.49,0.62,-0.23
5/27/2014,0.69,0.69,-0.17
5/28/2014,-0.11,-0.31,0.23
5/29/2014,0.54,-0.19,-0.1
5/30/2014,0.06,-0.66,0.26
6/2/2014,0.06,-0.68,0.39
6/3/2014,-0.05,-0.26,0.16
6/4/2014,0.28,0.23,-0.08
6/5/2014,0.77,1.29,-0.17
6/6/2014,0.54,0.48,-0.01
6/9/2014,0.22,1.02,-0.31
6/10/2014,-0.03,-0.18,-0.03
6/11/2014,-0.34,-0.14,-0.23
6/12/2014,-0.68,0.11,0.17
6/13/2014,0.31,-0.06,-0.18
6/16/2014,0.13,0.47,-0.69
6/17/2014,0.34,0.54,0.45
6/18/2014,0.75,-0.26,-0.09
6/19/2014,0.12,-0.14,-0.04
6/20/2014,0.18,0.17,0.05
6/23/2014,-0.01,-0.25,0.1
6/24/2014,-0.72,-0.34,-0.26
6/25/2014,0.53,0.36,0.16
6/26/2014,-0.11,-0.09,0.02
6/27/2014,0.26,0.49,-0.22
6/30/2014,0.07,0.27,0.17
7/1/2014,0.74,0.49,-0.39
7/2/2014,-0.03,-0.44,-0.21
7/3/2014,0.59,0.22,0.11
7/7/2014,-0.62,-1.27,0.34
7/8/2014,-0.82,-0.67,0.72
7/9/2014,0.46,-0.39,-0.12
7/10/2014,-0.49,-0.59,-0.02
7/11/2014,0.12,-0.2,-0.38
7/14/2014,0.46,0.01,-0.13
7/15/2014,-0.32,-0.96,1.01
7/16/2014,0.32,-0.63,0.36
7/17/2014,-1.21,-0.39,0.19
7/18/2014,1.12,0.5,-0.45
7/21/2014,-0.25,-0.24,0.05
7/22/2014,0.53,0.26,-0.3
7/23/2014,0.19,0.15,-0.76
7/24/2014,0.05,-0.31,0.03
7/25/2014,-0.53,-0.4,0.17
7/28/2014,-0.08,-0.47,0.27
7/29/2014,-0.33,0.72,-0.68
7/30/2014,0.12,0.44,-0.32
7/31/2014,-2.03,-0.21,0.48
8/1/2014,-0.32,-0.18,-0.05
8/4/2014,0.74,0.01,-0.21
8/5/2014,-0.84,0.79,-0.19
8/6/2014,0.02,0.39,0.19
8/7/2014,-0.52,-0.03,-0.15
8/8/2014,1.12,-0.22,-0.15
8/11/2014,0.4,0.59,-0.27
8/12/2014,-0.23,-0.59,0.25
8/13/2014,0.69,-0.09,-0.23
8/14/2014,0.44,-0.23,0.02
8/15/2014,0,-0.14,-0.14
8/18/2014,0.93,0.6,-0.18
8/19/2014,0.49,-0.13,-0.07
8/20/2014,0.19,-0.65,0.27
8/21/2014,0.28,-0.14,0.8
8/22/2014,-0.1,0.3,-0.36
8/25/2014,0.5,-0.23,0.03
8/26/2014,0.19,0.72,-0.33
8/27/2014,0,-0.22,0.14
8/28/2014,-0.19,-0.42,0.09
8/29/2014,0.39,0.28,0.09
9/2/2014,0.06,0.47,-0.09
9/3/2014,-0.14,-0.55,0.24
9/4/2014,-0.17,-0.14,-0.18
9/5/2014,0.45,-0.27,-0.03
9/8/2014,-0.22,0.53,-0.44
9/9/2014,-0.72,-0.41,0
9/10/2014,0.45,0.23,-0.41
9/11/2014,0.19,0.49,0.2
9/12/2014,-0.55,-0.23,0.11
9/15/2014,-0.28,-1.07,0.65
9/16/2014,0.7,-0.39,-0.1
9/17/2014,0.17,0.09,-0.22
9/18/2014,0.5,0.03,0.01
9/19/2014,-0.18,-0.96,0.03
9/22/2014,-0.97,-0.56,0.09
9/23/2014,-0.62,-0.3,-0.05
9/24/2014,0.81,0.11,-0.93
9/25/2014,-1.62,0.08,0.12
9/26/2014,0.85,-0.02,-0.24
9/29/2014,-0.22,0.17,-0.43
9/30/2014,-0.4,-1,0.11
10/1/2014,-1.39,-0.15,0.3
10/2/2014,0.15,1.03,-0.39
10/3/2014,1.08,-0.39,-0.44
10/6/2014,-0.26,-0.78,0.37
10/7/2014,-1.56,-0.14,0.13
10/8/2014,1.7,0.03,-0.06
10/9/2014,-2.17,-0.43,-0.41
10/10/2014,-1.3,-0.16,0.5
10/13/2014,-1.59,1.35,0.48
10/14/2014,0.28,0.87,-0.12
10/15/2014,-0.54,1.83,-1.33
10/16/2014,0.22,1.05,0.24
10/17/2014,1.14,-1.58,-0.09
10/20/2014,0.94,0.21,-0.32
10/21/2014,1.98,-0.43,0.07
10/22/2014,-0.85,-0.57,0.17
10/23/2014,1.29,0.53,-0.44
10/24/2014,0.66,-0.47,-0.12
10/27/2014,-0.17,0.12,-0.31
10/28/2014,1.37,1.58,0.03
10/29/2014,-0.18,-0.06,0.44
10/30/2014,0.6,0.27,-0.52
10/31/2014,1.23,0.28,0.2
11/3/2014,-0.01,-0.26,-0.07
11/4/2014,-0.35,-0.01,-0.2
11/5/2014,0.48,-0.56,0.86
11/6/2014,0.49,0.1,-0.47
11/7/2014,0.09,0,0.47
11/10/2014,0.33,0.2,-0.52
11/11/2014,0.1,0.03,-0.27
11/12/2014,0.07,0.75,-0.27
11/13/2014,-0.03,-0.9,-0.36
11/14/2014,0.06,-0.16,0.17
11/17/2014,-0.05,-0.98,0.24
11/18/2014,0.51,0.05,-0.35
11/19/2014,-0.21,-0.94,-0.04
11/20/2014,0.31,0.88,0.01
11/21/2014,0.48,-0.39,-0.07
11/24/2014,0.4,0.96,-0.55
11/25/2014,-0.09,0.04,-0.03
11/26/2014,0.3,0.1,-0.48
11/28/2014,-0.34,-0.89,-1.16
12/1/2014,-0.89,-0.99,0.62
12/2/2014,0.65,0.4,0.09
12/3/2014,0.46,0.42,0.32
12/4/2014,-0.17,-0.31,0.08
12/5/2014,0.25,0.58,0.25
12/8/2014,-0.82,-0.57,0.21
12/9/2014,0.13,1.71,-0.1
12/10/2014,-1.72,-0.62,-0.12
12/11/2014,0.5,-0.08,-0.18
12/12/2014,-1.55,0.5,-0.59
12/15/2014,-0.68,-0.27,0.08
12/16/2014,-0.8,0.6,0.62
12/17/2014,2.15,0.86,-0.07
12/18/2014,2.36,-0.88,-0.19
12/19/2014,0.43,-0.24,0.23
12/22/2014,0.37,0.21,-0.1
12/23/2014,0.21,-0.31,1.1
12/24/2014,0.07,0.36,-0.18
12/26/2014,0.39,0.38,-0.32
12/29/2014,0.13,0.16,0.58
12/30/2014,-0.48,0.06,0.32
12/31/2014,-0.93,0.51,-0.4
1/2/2015,-0.12,-0.61,0.08
1/5/2015,-1.84,0.33,-0.68
1/6/2015,-1.04,-0.78,-0.31
1/7/2015,1.19,0.2,-0.66
1/8/2015,1.81,-0.11,-0.28
1/9/2015,-0.85,0.01,-0.47
1/12/2015,-0.79,0.4,-0.44
1/13/2015,-0.19,0.27,0.01
1/14/2015,-0.6,0.29,-0.51
1/15/2015,-1.08,-0.98,0.59
1/16/2015,1.36,0.46,-0.13
1/20/2015,0.11,-0.67,-0.51
1/21/2015,0.42,-0.96,0.57
1/22/2015,1.58,0.46,0.42
1/23/2015,-0.47,0.52,-0.77
1/26/2015,0.43,0.58,-0.05
1/27/2015,-1.21,0.65,0.2
1/28/2015,-1.39,-0.06,-0.82
1/29/2015,0.98,0.26,0.03
1/30/2015,-1.31,-0.79,0.05
2/2/2015,1.24,-0.45,1
2/3/2015,1.49,0.16,0.49
2/4/2015,-0.35,-0.08,-0.23
2/5/2015,1.1,0.47,-0.07
2/6/2015,-0.2,0.09,0.35
2/9/2015,-0.46,-0.36,0.12
2/10/2015,1.05,-0.3,-0.72
2/11/2015,0.03,-0.09,-0.33
2/12/2015,1,0.16,-0.06
2/13/2015,0.47,0.17,-0.32
2/17/2015,0.17,-0.02,-0.07
2/18/2015,0.03,0.31,-0.81
2/19/2015,-0.01,0.26,-0.37
2/20/2015,0.61,-0.41,-0.27
2/23/2015,-0.08,0.04,-0.37
2/24/2015,0.32,-0.04,0.72
2/25/2015,0.02,0.24,-0.49
2/26/2015,-0.08,0.66,-0.49
2/27/2015,-0.36,-0.21,0.19
3/2/2015,0.62,0.23,-0.46
3/3/2015,-0.43,-0.31,0.31
3/4/2015,-0.41,0.12,-0.38
3/5/2015,0.15,0.26,-0.42
3/6/2015,-1.29,0.28,0.43
3/9/2015,0.37,0.09,-0.02
3/10/2015,-1.63,0.44,-0.52
3/11/2015,-0.04,0.54,0.51
3/12/2015,1.28,0.39,0.5
3/13/2015,-0.57,0.22,-0.04
3/16/2015,1.23,-0.78,-0.38
3/17/2015,-0.2,0.53,-0.02
3/18/2015,1.08,-0.53,0.02
3/19/2015,-0.36,0.9,-1.12
3/20/2015,0.81,-0.17,0.56
3/23/2015,-0.19,0.2,0.23
3/24/2015,-0.51,0.6,-0.25
3/25/2015,-1.56,-1.01,1.03
3/26/2015,-0.22,0.11,-0.04
3/27/2015,0.32,0.5,-0.71
3/30/2015,1.24,0.02,0
3/31/2015,-0.75,0.41,0.38
4/1/2015,-0.38,0.33,0.44
4/2/2015,0.35,-0.08,0.28
4/6/2015,0.61,-0.28,-0.11
4/7/2015,-0.22,-0.19,-0.18
4/8/2015,0.37,0.54,-0.73
4/9/2015,0.41,-0.71,-0.07
4/10/2015,0.49,-0.07,-0.29
4/13/2015,-0.38,0.5,0.24
4/14/2015,0.1,-0.22,0.23
4/15/2015,0.57,0.25,0.36
4/16/2015,-0.08,-0.09,-0.21
4/17/2015,-1.23,-0.46,0.16
4/20/2015,0.95,0.17,-0.27
4/21/2015,-0.1,0.18,-0.73
4/22/2015,0.46,-0.37,0.18
4/23/2015,0.29,0.29,-0.25
4/24/2015,0.17,-0.5,-0.31
4/27/2015,-0.54,-0.7,0.56
4/28/2015,0.27,0.18,1.06
4/29/2015,-0.38,-0.74,0.74
4/30/2015,-1.11,-1.07,0.73
5/1/2015,1.01,-0.3,-0.6
5/4/2015,0.32,0.04,0.23
5/5/2015,-1.19,-0.16,0.52
5/6/2015,-0.31,0.63,-0.13
5/7/2015,0.39,0.08,-0.36
5/8/2015,1.21,-0.55,-0.12
5/11/2015,-0.39,0.69,-0.02
5/12/2015,-0.27,-0.01,0.11
5/13/2015,0.01,-0.02,0.04
5/14/2015,1.01,-0.09,-0.34
5/15/2015,0.05,-0.24,-0.21
5/18/2015,0.44,0.74,-0.09
5/19/2015,-0.09,-0.12,0.24
5/20/2015,-0.05,0.21,-0.12
5/21/2015,0.23,-0.29,0.01
5/22/2015,-0.22,-0.11,-0.12
5/26/2015,-1.01,-0.02,-0.02
5/27/2015,0.93,0.33,-0.3
5/28/2015,-0.12,0.09,0.15
5/29/2015,-0.58,0.01,0.04
6/1/2015,0.17,-0.04,-0.22
6/2/2015,-0.02,0.32,0.35
6/3/2015,0.39,0.88,-0.24
6/4/2015,-0.88,-0.1,0
6/5/2015,0.06,0.81,0.1
6/8/2015,-0.66,0.05,0
6/9/2015,0.02,-0.3,0.37
6/10/2015,1.2,0.16,0.21
6/11/2015,0.21,-0.11,-0.1
6/12/2015,-0.63,0.33,0.12
6/15/2015,-0.45,0.12,-0.14
6/16/2015,0.57,0.11,-0.01
6/17/2015,0.16,-0.29,-0.65
6/18/2015,0.99,0.23,-0.44
6/19/2015,-0.43,0.57,-0.2
6/22/2015,0.63,0.09,-0.05
6/23/2015,0.12,0.24,0.29
6/24/2015,-0.79,-0.12,0.12
6/25/2015,-0.25,0.37,-0.2
6/26/2015,-0.06,-0.21,0.41
6/29/2015,-2.15,-0.44,0.17
6/30/2015,0.34,0.31,-0.65
7/1/2015,0.61,-0.77,-0.03
7/2/2015,-0.11,-0.57,-0.1
7/6/2015,-0.37,0.21,-0.55
7/7/2015,0.53,-0.44,-0.3
7/8/2015,-1.68,-0.01,0.09
7/9/2015,0.29,0.14,0.02
7/10/2015,1.24,0.23,-0.51
7/13/2015,1.14,-0.08,-0.43
7/14/2015,0.47,0.17,0.1
7/15/2015,-0.19,-0.8,-0.06
7/16/2015,0.78,-0.16,-0.64
7/17/2015,0.05,-0.6,-0.66
7/20/2015,-0.01,-0.7,-0.6
7/21/2015,-0.47,0.01,0.3
7/22/2015,-0.18,0.19,0.23
7/23/2015,-0.6,-0.39,-0.31
7/24/2015,-1.08,-0.63,0.05
7/27/2015,-0.74,-0.25,0.07
7/28/2015,1.23,-0.36,-0.13
7/29/2015,0.74,-0.39,0.53
7/30/2015,0.12,0.14,-0.28
7/31/2015,-0.15,0.85,-1.01
8/3/2015,-0.34,-0.33,-0.21
8/4/2015,-0.14,0.02,-0.13
8/5/2015,0.36,-0.02,-0.41
8/6/2015,-0.88,-0.53,1.93
8/7/2015,-0.36,-0.48,-0.3
8/10/2015,1.31,0.14,0.7
8/11/2015,-0.98,-0.1,0.43
8/12/2015,0.07,-0.1,-0.32
8/13/2015,-0.14,-0.46,0.07
8/14/2015,0.43,0.14,0.44
8/17/2015,0.6,0.45,-0.87
8/18/2015,-0.35,-0.63,0.38
8/19/2015,-0.85,-0.12,-0.22
8/20/2015,-2.24,-0.28,0.58
8/21/2015,-2.95,1.85,0.14
8/24/2015,-3.9,0.33,-0.42
8/25/2015,-1.17,0.71,-0.6
8/26/2015,3.68,-1.36,-0.34
8/27/2015,2.4,-0.72,0.6
8/28/2015,0.23,0.99,0.08
8/31/2015,-0.74,0.77,1.42
9/1/2015,-2.91,0.3,-0.5
9/2/2015,1.81,-0.15,-0.92
9/3/2015,0.17,-0.34,0.75
9/4/2015,-1.39,0.91,-0.57
9/8/2015,2.52,-0.34,-0.57
9/9/2015,-1.34,0.16,0.13
9/10/2015,0.49,-0.12,-0.35
9/11/2015,0.44,-0.2,-0.69
9/14/2015,-0.41,0.02,0.03
9/15/2015,1.22,-0.2,0.28
9/16/2015,0.84,0.01,0.44
9/17/2015,-0.17,0.92,-1.5
9/18/2015,-1.62,0.5,-0.96
9/21/2015,0.36,-0.96,1.24
9/22/2015,-1.29,-0.29,0.14
9/23/2015,-0.27,-0.16,-0.16
9/24/2015,-0.36,0.27,0.52
9/25/2015,-0.22,-1.69,1.88
9/28/2015,-2.63,-0.29,1.15
9/29/2015,-0.07,-0.72,0.69
9/30/2015,1.88,-0.42,-0.44
10/1/2015,0.13,-0.46,-0.06
10/2/2015,1.48,0.32,-0.84
10/5/2015,1.93,0.62,0.77
10/6/2015,-0.43,-0.25,1.65
10/7/2015,0.94,0.78,-0.24
10/8/2015,0.84,0.23,0.74
10/9/2015,0.12,0.21,-1.07
10/12/2015,0.06,-0.39,-0.08
10/13/2015,-0.74,-0.75,0.67
10/14/2015,-0.6,-0.29,-0.06
10/15/2015,1.56,0.68,-0.09
10/16/2015,0.36,-0.46,-0.32
10/19/2015,0,0.17,-0.68
10/20/2015,-0.15,0.01,1.22
10/21/2015,-0.74,-0.88,-0.2
10/22/2015,1.5,-0.79,0.32
10/23/2015,1.09,-0.01,-0.56
10/26/2015,-0.2,-0.35,-0.73
10/27/2015,-0.42,-0.87,-0.93
10/28/2015,1.43,1.41,0.69
10/29/2015,-0.2,-0.81,-0.05
10/30/2015,-0.42,0.19,-0.56
11/2/2015,1.25,0.84,-0.02
11/3/2015,0.32,0.4,0.24
11/4/2015,-0.26,0.32,-0.32
11/5/2015,-0.08,0.03,0.49
11/6/2015,0.14,0.87,0.33
11/9/2015,-0.95,-0.24,-0.04
11/10/2015,0.13,0,0.22
11/11/2015,-0.43,-0.5,-0.18
11/12/2015,-1.45,-0.53,-0.4
11/13/2015,-1.07,0.32,0.37
11/16/2015,1.39,-0.6,0.48
11/17/2015,-0.11,-0.12,-0.65
11/18/2015,1.61,-0.02,-0.08
11/19/2015,-0.13,-0.25,-0.16
11/20/2015,0.36,0.43,-0.39
11/23/2015,-0.01,0.65,-0.35
11/24/2015,0.21,0.69,0.25
11/25/2015,0.09,0.88,-0.54
11/27/2015,0.09,0.25,-0.29
11/30/2015,-0.47,0.13,0.67
12/1/2015,0.97,-0.66,0.25
12/2/2015,-1.01,0.24,-0.71
12/3/2015,-1.5,-0.2,0.4
12/4/2015,1.87,-1.02,-0.48
12/7/2015,-0.83,-0.88,-0.68
12/8/2015,-0.59,0.47,-1.21
12/9/2015,-0.83,-0.35,0.4
12/10/2015,0.3,0.11,-0.23
12/11/2015,-2.03,-0.22,-0.06
12/14/2015,0.29,-1.03,-0.17
12/15/2015,1.1,0.05,0.79
12/16/2015,1.47,0.01,-0.69
12/17/2015,-1.46,0.39,-0.36
12/18/2015,-1.7,0.75,-0.37
12/21/2015,0.74,-0.17,-0.07
12/22/2015,0.89,-0.07,0.52
12/23/2015,1.29,0.13,0.57
12/24/2015,-0.11,0.29,-0.02
12/28/2015,-0.28,-0.47,-0.37
12/29/2015,1.05,0.1,-0.28
12/30/2015,-0.74,-0.17,-0.15
12/31/2015,-0.92,-0.25,0.23
1/4/2016,-1.59,-0.87,0.52
1/5/2016,0.12,-0.19,0.01
1/6/2016,-1.35,-0.14,0
1/7/2016,-2.44,-0.29,0.08
1/8/2016,-1.11,-0.5,-0.03
1/11/2016,-0.06,-0.64,0.4
1/12/2016,0.72,-0.42,-0.77
1/13/2016,-2.67,-0.73,0.81
1/14/2016,1.65,0,-0.4
1/15/2016,-2.14,0.42,-0.24
1/19/2016,-0.19,-1.34,-0.06
1/20/2016,-0.94,1.88,-1.27
1/21/2016,0.45,-0.52,-0.02
1/22/2016,2.08,0.21,-0.2
1/25/2016,-1.71,-0.39,-0.99
1/26/2016,1.52,0.42,1.18
1/27/2016,-1.11,-0.55,1.71
1/28/2016,0.49,-0.47,1.26
1/29/2016,2.57,0.48,0.43
2/1/2016,-0.04,-0.19,-1
2/2/2016,-2,-0.03,-0.37
2/3/2016,0.46,-0.33,0.47
2/4/2016,0.27,0.12,0.35
2/5/2016,-2.06,-1.07,1.64
2/8/2016,-1.51,-0.01,0.83
2/9/2016,-0.09,-0.47,-0.28
2/10/2016,0.01,-0.05,-0.55
2/11/2016,-1.17,0.5,-1.48
2/12/2016,1.99,-0.52,1.1
2/16/2016,1.78,0.52,-0.53
2/17/2016,1.75,-0.06,-0.65
2/18/2016,-0.51,-0.01,0.22
2/19/2016,0.06,0.42,-0.58
2/22/2016,1.43,-0.27,0.26
2/23/2016,-1.22,0.47,-0.51
2/24/2016,0.53,0.7,-0.3
2/25/2016,1.1,-0.42,0.23
2/26/2016,-0.01,0.81,0.29
2/29/2016,-0.69,0.65,0.25
3/1/2016,2.34,-0.65,0.39
3/2/2016,0.54,0.52,0.68
3/3/2016,0.5,0.46,0.66
3/4/2016,0.37,0.29,0.29
3/7/2016,0.21,1.21,0.55
3/8/2016,-1.27,-1.17,-0.48
3/9/2016,0.5,0.01,0.41
3/10/2016,-0.11,-0.86,0.62
3/11/2016,1.69,0.28,0.23
3/14/2016,-0.12,-0.08,-0.9
3/15/2016,-0.36,-1.49,0.69
3/16/2016,0.63,0.11,-0.1
3/17/2016,0.72,0.83,0.59
3/18/2016,0.54,0.37,-0.15
3/21/2016,0.1,-0.21,-0.32
3/22/2016,-0.05,-0.01,-0.44
3/23/2016,-0.86,-1.17,-0.15
3/24/2016,0,0.48,-0.07
3/28/2016,0.04,-0.02,0.16
3/29/2016,1.07,1.8,-1.2
3/30/2016,0.41,-0.29,0.16
3/31/2016,-0.11,0.45,-0.48
4/1/2016,0.64,-0.24,-0.62
4/4/2016,-0.41,-0.21,-0.8
4/5/2016,-0.94,-0.09,-0.38
4/6/2016,1.14,0.22,-0.76
4/7/2016,-1.23,-0.05,-0.38
4/8/2016,0.29,0.02,0.68
4/11/2016,-0.28,-0.12,0.96
4/12/2016,0.99,-0.07,0.87
4/13/2016,1.23,0.87,0.38
4/14/2016,0.03,-0.25,0.14
4/15/2016,-0.04,0.34,-0.34
4/18/2016,0.65,0.11,-0.19
4/19/2016,0.29,-0.37,1.48
4/20/2016,0.15,-0.11,0.58
4/21/2016,-0.47,0.11,-0.6
4/22/2016,0.12,0.82,0.52
4/25/2016,-0.24,-0.57,-0.17
4/26/2016,0.29,0.66,0.8
4/27/2016,0.21,0.05,0.69
4/28/2016,-0.96,-0.13,-0.01
4/29/2016,-0.5,-0.17,0.38
5/2/2016,0.79,0.02,-0.38
5/3/2016,-1.05,-0.66,-0.45
5/4/2016,-0.66,-0.14,0.04
5/5/2016,-0.08,-0.5,0.06
5/6/2016,0.38,0.03,0.24
5/9/2016,0.05,0.39,-1.47
5/10/2016,1.26,-0.4,0.5
5/11/2016,-0.89,-0.35,0.8
5/12/2016,-0.11,-0.62,0.14
5/13/2016,-0.82,0.39,-0.68
5/16/2016,0.99,0.29,-0.23
5/17/2016,-0.95,-0.8,0.61
5/18/2016,0.1,0.14,0.9
5/19/2016,-0.33,-0.34,-0.26
5/20/2016,0.75,0.9,-0.27
5/23/2016,-0.18,0.25,-0.32
5/24/2016,1.43,0.71,-0.35
5/25/2016,0.72,-0.21,0.56
5/26/2016,-0.04,-0.09,-0.54
5/27/2016,0.49,0.34,-0.17
5/31/2016,-0.01,0.52,-0.37
6/1/2016,0.2,0.65,-0.2
6/2/2016,0.35,0.33,-0.58
6/3/2016,-0.38,-0.16,-0.07
6/6/2016,0.6,0.67,0.31
6/7/2016,0.12,0.16,0.1
6/8/2016,0.37,0.45,-0.09
6/9/2016,-0.27,-0.4,-0.24
6/10/2016,-1.05,-0.35,-0.18
6/13/2016,-0.84,-0.35,0.12
6/14/2016,-0.19,0.26,-0.72
6/15/2016,-0.11,0.23,-0.03
6/16/2016,0.24,-0.35,-0.45
6/17/2016,-0.3,-0.11,0.95
6/20/2016,0.71,0.62,0.02
6/21/2016,0.21,-0.64,0.5
6/22/2016,-0.2,-0.32,0.08
6/23/2016,1.45,0.51,0.47
6/24/2016,-3.7,0.16,-1.22
6/27/2016,-2.07,-0.95,-0.72
6/28/2016,1.76,-0.38,0.16
6/29/2016,1.8,0.28,-0.03
6/30/2016,1.42,0.35,0.42
7/1/2016,0.24,0.52,-0.43
7/5/2016,-0.85,-0.64,-1.37
7/6/2016,0.62,0.17,-0.13
7/7/2016,0.02,0.33,-0.18
7/8/2016,1.6,0.92,0.32
7/11/2016,0.43,0.6,0.27
7/12/2016,0.75,0.62,0.99
7/13/2016,-0.05,-0.52,0.49
7/14/2016,0.51,-0.46,0.45
7/15/2016,-0.05,0.3,0
7/18/2016,0.25,-0.02,-0.15
7/19/2016,-0.22,-0.65,0.04
7/20/2016,0.48,0.45,-0.89
7/21/2016,-0.38,-0.04,-0.04
7/22/2016,0.48,0.26,-0.13
7/25/2016,-0.27,-0.05,-0.23
7/26/2016,0.13,0.58,0.54
7/27/2016,-0.14,0.55,-0.43
7/28/2016,0.18,-0.49,-0.33
7/29/2016,0.17,-0.04,0.01
8/1/2016,-0.16,0.19,-0.9
8/2/2016,-0.7,-0.58,0.18
8/3/2016,0.45,0.5,0.81
8/4/2016,0.05,0.09,-0.39
8/5/2016,0.93,0.39,0.99
8/8/2016,-0.06,0.02,0.5
8/9/2016,0.05,-0.03,-0.27
8/10/2016,-0.29,-0.44,-0.18
8/11/2016,0.54,0.14,0.03
8/12/2016,-0.06,0.09,-0.17
8/15/2016,0.39,0.75,0.39
8/16/2016,-0.57,-0.27,0.59
8/17/2016,0.12,-0.56,0.26
8/18/2016,0.32,0.47,0.34
8/19/2016,-0.11,0.1,-0.14
8/22/2016,-0.02,0.26,-0.4
8/23/2016,0.27,0.57,-0.02
8/24/2016,-0.56,-0.49,0.37
8/25/2016,-0.08,0.19,0.48
8/26/2016,-0.15,0.13,-0.09
8/29/2016,0.53,-0.08,0.34
8/30/2016,-0.14,0.12,0.29
8/31/2016,-0.24,-0.39,0.14
9/1/2016,0.03,0.14,-0.5
9/2/2016,0.53,0.4,0.35
9/6/2016,0.26,0.09,-0.54
9/7/2016,0.09,0.64,0.02
9/8/2016,-0.18,-0.01,0.59
9/9/2016,-2.47,-0.58,0.41
9/12/2016,1.44,0.01,-0.45
9/13/2016,-1.48,-0.24,-0.43
9/14/2016,-0.08,0.11,-0.82
9/15/2016,1.08,0.3,-0.31
9/16/2016,-0.36,0.33,-0.45
9/19/2016,0.05,0.43,0.14
9/20/2016,-0.02,-0.24,-0.4
9/21/2016,1.12,0.15,0.34
9/22/2016,0.7,0.85,-0.06
9/23/2016,-0.6,-0.1,-0.21
9/26/2016,-0.88,-0.22,-0.35
9/27/2016,0.64,-0.07,-0.5
9/28/2016,0.56,0.2,1.11
9/29/2016,-0.98,-0.41,0.51
9/30/2016,0.88,0.38,0.34
10/3/2016,-0.26,-0.03,-0.12
10/4/2016,-0.46,0.03,0.15
10/5/2016,0.58,0.29,0.8
10/6/2016,-0.06,-0.26,0.28
10/7/2016,-0.38,-0.51,0.2
10/10/2016,0.52,0.56,0.05
10/11/2016,-1.3,-0.59,0.43
10/12/2016,0.06,-0.24,0.34
10/13/2016,-0.42,-0.68,-0.63
10/14/2016,0.01,-0.39,0.58
10/17/2016,-0.29,-0.04,0.15
10/18/2016,0.6,-0.17,0.05
10/19/2016,0.25,0.04,0.94
10/20/2016,-0.16,-0.03,-0.11
10/21/2016,0.02,-0.14,-0.33
10/24/2016,0.54,0.06,-0.19
10/25/2016,-0.46,-0.59,0.24
10/26/2016,-0.23,-0.84,0.7
10/27/2016,-0.33,-0.96,0.56
10/28/2016,-0.29,-0.1,0.08
10/31/2016,0.02,0.06,0.1
11/1/2016,-0.68,-0.38,0.2
11/2/2016,-0.73,-0.65,0.25
11/3/2016,-0.4,-0.46,1.05
11/4/2016,-0.12,0.87,-0.44
11/7/2016,2.23,0.19,-0.13
11/8/2016,0.4,-0.08,-0.22
11/9/2016,1.46,1.89,1.07
11/10/2016,0.32,1.15,1.84
11/11/2016,0.18,2.52,-0.02
11/14/2016,0.21,0.64,1.41
11/15/2016,0.8,-0.54,0.15
11/16/2016,-0.12,0.3,-0.56
11/17/2016,0.56,0.13,-0.15
11/18/2016,-0.16,0.56,0.38
11/21/2016,0.77,-0.26,0.06
11/22/2016,0.31,0.56,0.53
11/23/2016,0.16,0.5,0.19
11/25/2016,0.4,-0.06,-0.29
11/28/2016,-0.64,-0.75,0.09
11/29/2016,0.11,-0.35,-0.05
11/30/2016,-0.25,-0.39,2.21
12/1/2016,-0.36,-0.64,2.03
12/2/2016,0,0.04,-0.32
12/5/2016,0.75,1.09,0.27
12/6/2016,0.48,0.62,0.22
12/7/2016,1.26,-0.6,0.48
12/8/2016,0.36,1.15,0.61
12/9/2016,0.46,-0.28,0.2
12/12/2016,-0.3,-0.96,-0.13
12/13/2016,0.6,-0.53,-0.26
12/14/2016,-0.82,-0.37,-0.28
12/15/2016,0.46,0.39,0.3
12/16/2016,-0.22,0.07,-0.41
12/19/2016,0.22,0.32,0.06
12/20/2016,0.44,0.42,0.63
12/21/2016,-0.24,-0.36,0.19
12/22/2016,-0.3,-0.76,0.26
12/23/2016,0.19,0.57,-0.5
12/27/2016,0.27,0.21,0.14
12/28/2016,-0.87,-0.27,0.09
12/29/2016,-0.04,0.15,-0.33
12/30/2016,-0.52,-0.11,0.2
1/3/2017,0.83,-0.14,0.06
1/4/2017,0.79,0.95,-0.16
1/5/2017,-0.21,-0.89,-0.79
1/6/2017,0.29,-0.66,-0.31
1/9/2017,-0.37,-0.3,-1.03
1/10/2017,0.16,0.89,0.43
1/11/2017,0.31,-0.23,0.68
1/12/2017,-0.3,-0.58,-0.87
1/13/2017,0.29,0.61,-0.08
1/17/2017,-0.49,-0.86,-0.64
1/18/2017,0.24,0.18,0.24
1/19/2017,-0.38,-0.5,-0.05
1/20/2017,0.33,0.05,0.23
1/23/2017,-0.29,-0.04,-0.33
1/24/2017,0.83,0.71,0.81
1/25/2017,0.84,0.17,0.43
1/26/2017,-0.1,-0.62,0.41
1/27/2017,-0.12,-0.01,-0.68
1/30/2017,-0.68,-0.73,-0.46
1/31/2017,0,0.88,-0.56
2/1/2017,0.03,-0.08,0.04
2/2/2017,-0.02,-0.24,-0.29
2/3/2017,0.82,0.52,0.75
2/6/2017,-0.27,-0.61,-0.19
2/7/2017,-0.01,-0.3,-0.52
2/8/2017,0.06,-0.24,-0.6
2/9/2017,0.72,0.69,0.07
2/10/2017,0.38,0.41,0.14
2/13/2017,0.49,-0.32,0.33
2/14/2017,0.45,-0.24,0.36
2/15/2017,0.54,0.18,-0.43
2/16/2017,-0.16,-0.22,0.01
2/17/2017,0.2,0,-0.54
2/21/2017,0.6,-0.01,0.13
2/22/2017,-0.15,-0.38,0.1
2/23/2017,-0.11,-0.66,0.25
2/24/2017,0.15,0.04,-0.98
2/27/2017,0.22,0.83,-0.33
2/28/2017,-0.42,-1.38,0.16
3/1/2017,1.47,0.42,0.77
3/2/2017,-0.7,-0.52,-0.9
3/3/2017,0.09,-0.22,0.14
3/6/2017,-0.38,-0.35,-0.08
3/7/2017,-0.36,-0.29,-0.06
3/8/2017,-0.19,-0.12,-0.83
3/9/2017,0.04,-0.47,-0.23
3/10/2017,0.34,0.09,-0.48
3/13/2017,0.13,0.32,-0.07
3/14/2017,-0.36,-0.23,0
3/15/2017,0.86,0.72,-0.46
3/16/2017,-0.06,0.46,0.22
3/17/2017,-0.08,0.64,-0.33
3/20/2017,-0.25,-0.11,-0.72
3/21/2017,-1.48,-1.34,-0.71
3/22/2017,0.16,-0.29,-0.57
3/23/2017,-0.03,0.69,0.49
3/24/2017,-0.05,0.13,-0.21
3/27/2017,-0.05,0.55,-0.49
3/28/2017,0.72,-0.14,0.72
3/29/2017,0.18,0.38,-0.09
3/30/2017,0.36,0.34,0.92
3/31/2017,-0.16,0.58,-0.32
4/3/2017,-0.28,-1.11,-0.08
4/4/2017,0.05,-0.23,0.32
4/5/2017,-0.44,-0.8,-0.3
4/6/2017,0.32,0.67,0.48
4/7/2017,-0.08,0.12,-0.26
4/10/2017,0.08,0.1,0.07
4/11/2017,-0.05,0.8,0.23
4/12/2017,-0.49,-0.84,-0.54
4/13/2017,-0.75,-0.24,-0.81
4/17/2017,0.89,0.25,0.24
4/18/2017,-0.25,0.37,-0.19
4/19/2017,-0.08,0.59,-0.44
4/20/2017,0.83,0.54,0.26
4/21/2017,-0.28,0.11,-0.15
4/24/2017,1.18,0.19,0.5
4/25/2017,0.65,0.37,-0.07
4/26/2017,0.04,0.71,0.32
4/27/2017,0.05,-0.13,-0.98
4/28/2017,-0.3,-0.7,-0.61
5/1/2017,0.21,0.26,-0.13
5/2/2017,0.03,-0.47,-0.21
5/3/2017,-0.19,-0.55,0.22
5/4/2017,0.02,-0.06,-0.36
5/5/2017,0.46,0.07,0
5/8/2017,-0.04,-0.25,0.26
5/9/2017,-0.05,0.5,-0.81
5/10/2017,0.2,0.19,0.03
5/11/2017,-0.26,-0.39,-0.15
5/12/2017,-0.18,-0.3,-0.61
5/15/2017,0.53,0.25,0.2
5/16/2017,-0.03,0.14,-0.09
5/17/2017,-1.97,-0.86,-0.6
5/18/2017,0.4,0.05,-0.39
5/19/2017,0.7,-0.37,0.4
5/22/2017,0.56,0.28,-0.3
5/23/2017,0.18,-0.1,0.65
5/24/2017,0.24,-0.12,-0.46
5/25/2017,0.42,-0.28,-0.75
5/26/2017,0.06,-0.04,0.1
5/30/2017,-0.19,-0.49,-0.34
5/31/2017,-0.02,0.04,-0.53
6/1/2017,0.95,1.01,0.04
6/2/2017,0.35,0.58,-0.76
6/5/2017,-0.17,-0.47,-0.03
6/6/2017,-0.28,0.09,-0.03
6/7/2017,0.15,-0.17,-0.04
6/8/2017,0.18,1.15,0.93
6/9/2017,-0.12,0.05,2.44
6/12/2017,-0.11,-0.25,0.34
6/13/2017,0.55,0.09,-0.14
6/14/2017,-0.17,-0.47,-0.52
6/15/2017,-0.3,-0.24,-0.11
6/16/2017,-0.03,-0.22,-0.15
6/19/2017,0.86,0.11,-0.75
6/20/2017,-0.73,-0.41,-0.48
6/21/2017,-0.07,-0.06,-1.67
6/22/2017,0.02,0.51,-0.4
6/23/2017,0.24,0.83,-0.48
6/26/2017,0.04,-0.03,0.7
6/27/2017,-0.85,-0.39,1.34
6/28/2017,1.02,0.75,0.21
6/29/2017,-0.83,-0.13,1.37
6/30/2017,0.14,-0.08,-0.29
7/3/2017,0.24,0.36,1.21
7/5/2017,0.12,-0.68,-0.58
7/6/2017,-0.95,-0.5,0.12
7/7/2017,0.7,0.42,-0.41
7/10/2017,0.05,-0.45,-0.08
7/11/2017,0,0.36,-0.55
7/12/2017,0.72,0.12,-0.53
7/13/2017,0.17,-0.08,0.39
7/14/2017,0.42,-0.13,-0.52
7/17/2017,0,0.21,0.1
7/18/2017,0.04,-0.3,-0.31
7/19/2017,0.59,0.51,0.03
7/20/2017,-0.01,0.06,-0.04
7/21/2017,-0.08,-0.41,-0.24
7/24/2017,-0.03,0.1,-0.19
7/25/2017,0.38,0.36,0.96
7/26/2017,-0.06,-0.36,-0.77
7/27/2017,-0.14,-0.64,0.44
7/28/2017,-0.17,-0.04,0.26
7/31/2017,-0.11,-0.37,0.43
8/1/2017,0.24,-0.18,0.14
8/2/2017,-0.08,-1.18,0.14
8/3/2017,-0.21,-0.35,-0.33
8/4/2017,0.25,0.32,0.39
8/7/2017,0.16,-0.1,-0.58
8/8/2017,-0.24,-0.07,0.24
8/9/2017,-0.14,-0.77,-0.07
8/10/2017,-1.49,-0.3,0.27
8/11/2017,0.19,0.23,-0.87
8/14/2017,1.03,0.3,0.13
8/15/2017,-0.11,-0.86,-0.03
8/16/2017,0.18,-0.13,-0.44
8/17/2017,-1.6,-0.17,-0.17
8/18/2017,-0.15,0.12,0.24
8/21/2017,0.06,-0.24,-0.22
8/22/2017,1.06,-0.02,-0.24
8/23/2017,-0.33,0.09,0.41
8/24/2017,-0.14,0.59,0.17
8/25/2017,0.18,0.12,0.56
8/28/2017,0.08,0.35,-0.73
8/29/2017,0.1,0.13,-0.38
8/30/2017,0.53,0,-0.31
8/31/2017,0.62,0.48,-0.43
9/1/2017,0.27,0.41,0.41
9/5/2017,-0.81,0.07,-0.98
9/6/2017,0.28,-0.06,0.12
9/7/2017,-0.07,0.13,-0.92
9/8/2017,-0.16,0.03,0.38
9/11/2017,1.08,-0.11,0.64
9/12/2017,0.44,0.23,0.72
9/13/2017,0.11,0.28,0.33
9/14/2017,-0.12,-0.03,-0.06
9/15/2017,0.19,0.29,0.14
9/18/2017,0.24,0.39,0.21
9/19/2017,0.15,-0.29,0.39
9/20/2017,0.16,0.22,0.49
9/21/2017,-0.28,0.1,0.37
9/22/2017,0.12,0.44,0.12
9/25/2017,-0.25,0.32,0.6
9/26/2017,0.05,0.4,0.17
9/27/2017,0.63,1.4,0.23
9/28/2017,0.13,0.18,-0.04
9/29/2017,0.35,-0.14,-0.26
10/2/2017,0.5,0.85,0.13
10/3/2017,0.26,-0.03,-0.04
10/4/2017,0.05,-0.27,-0.45
10/5/2017,0.55,-0.33,0.38
10/6/2017,-0.08,-0.07,-0.26
10/9/2017,-0.22,-0.28,0
10/10/2017,0.24,-0.01,0.43
10/11/2017,0.16,-0.19,-0.19
10/12/2017,-0.18,0.03,-0.52
10/13/2017,0.04,-0.26,0.1
10/16/2017,0.17,-0.3,0.33
10/17/2017,0.01,-0.33,-0.3
10/18/2017,0.14,0.29,0.22
10/19/2017,0.02,-0.39,0.17
10/20/2017,0.57,-0.09,0.27
10/23/2017,-0.45,-0.44,0.18
10/24/2017,0.2,-0.19,0.5
10/25/2017,-0.51,0.02,0.16
10/26/2017,0.2,0.04,0.3
10/27/2017,0.82,-0.01,-0.96
10/30/2017,-0.46,-0.81,-0.04
10/31/2017,0.23,0.84,-0.24
11/1/2017,0.05,-0.79,0.08
11/2/2017,0.06,-0.02,0.5
11/3/2017,0.31,-0.44,-0.72
11/6/2017,0.06,0.23,0.2
11/7/2017,-0.2,-1.37,-0.41
11/8/2017,0.12,0.04,-0.59
11/9/2017,-0.41,-0.03,0.24
11/10/2017,0.01,0.07,-0.42
11/13/2017,0.09,-0.3,0.09
11/14/2017,-0.22,-0.12,0.01
11/15/2017,-0.52,-0.04,0.23
11/16/2017,1.01,0.85,-0.54
11/17/2017,-0.14,0.75,0.29
11/20/2017,0.21,0.56,0.02
11/21/2017,0.67,0.42,-0.33
11/22/2017,-0.05,0.1,-0.07
11/24/2017,0.21,0.02,-0.43
11/27/2017,-0.06,-0.37,0.01
11/28/2017,1.06,0.39,0.87
11/29/2017,0.02,0.08,1.5
11/30/2017,0.82,-0.56,-0.51
12/1/2017,-0.22,-0.36,0.38
12/4/2017,-0.1,-0.33,1.23
12/5/2017,-0.43,-0.46,-0.23
12/6/2017,-0.09,-0.46,-0.53
12/7/2017,0.42,0.26,-0.2
12/8/2017,0.51,-0.46,-0.13
12/11/2017,0.26,-0.44,-0.19
12/12/2017,0.07,-0.52,0.5
12/13/2017,0.02,0.72,-0.89
12/14/2017,-0.47,-0.7,-0.22
12/15/2017,0.92,0.69,0.05
12/18/2017,0.67,0.74,0.27
12/19/2017,-0.3,-0.37,-0.24
12/20/2017,0.01,0.35,0.07
12/21/2017,0.24,0.26,0.62
12/22/2017,-0.07,-0.22,-0.21
12/26/2017,-0.07,0.33,-0.07
12/27/2017,0.05,-0.13,-0.2
12/28/2017,0.22,0.13,0.05
12/29/2017,-0.57,-0.3,0
1/2/2018,0.85,0.35,-0.22
1/3/2018,0.59,-0.39,-0.18
1/4/2018,0.42,-0.26,0.24
1/5/2018,0.66,-0.35,-0.26
1/8/2018,0.19,-0.15,0.05
1/9/2018,0.15,-0.35,-0.04
1/10/2018,-0.07,0.07,0.57
1/11/2018,0.87,1.15,0.31
1/12/2018,0.66,-0.31,0.16
1/16/2018,-0.49,-1.02,0.01
1/17/2018,0.95,-0.03,-0.1
1/18/2018,-0.18,-0.5,-0.25
1/19/2018,0.57,0.94,-0.04
1/22/2018,0.77,-0.34,-0.16
1/23/2018,0.22,0.14,-0.36
1/24/2018,-0.13,-0.84,0.44
1/25/2018,0.07,0.14,-0.54
1/26/2018,1.11,-0.61,-0.51
1/29/2018,-0.62,-0.02,-0.25
1/30/2018,-1.06,0.14,-0.21
1/31/2018,-0.07,-0.74,0.11
2/1/2018,0.03,0.08,0.54
2/2/2018,-2.13,0.04,-0.29
2/5/2018,-4.03,0.78,-0.58
2/6/2018,1.67,-0.52,-0.18
2/7/2018,-0.38,0.53,0.21
2/8/2018,-3.68,0.81,0.52
2/9/2018,1.36,-0.58,0.15
2/12/2018,1.36,-0.46,-0.29
2/13/2018,0.31,0.08,-0.24
2/14/2018,1.52,0.26,0.49
2/15/2018,1.21,-0.14,-0.63
2/16/2018,0.03,0.36,0.16
2/20/2018,-0.62,-0.36,-0.24
2/21/2018,-0.43,0.79,0.23
2/22/2018,0.01,0.05,-0.41
2/23/2018,1.54,-0.38,-0.15
2/26/2018,1.12,-0.51,-0.07
2/27/2018,-1.25,-0.19,0.03
2/28/2018,-1.11,-0.42,-0.31
3/1/2018,-1.19,1.01,-0.02
3/2/2018,0.7,1.17,-0.49
3/5/2018,1.06,-0.39,0.23
3/6/2018,0.36,0.69,0.12
3/7/2018,0.05,0.78,-0.44
3/8/2018,0.37,-0.48,-0.36
3/9/2018,1.7,-0.25,0.28
3/12/2018,-0.09,0.47,-0.08
3/13/2018,-0.67,0.08,0.03
3/14/2018,-0.53,0.23,-0.57
3/15/2018,-0.18,-0.39,0.32
3/16/2018,0.25,0.47,0.18
3/19/2018,-1.38,0.35,0.41
3/20/2018,0.15,-0.08,-0.36
3/21/2018,-0.06,0.75,0.45
3/22/2018,-2.54,0.51,-0.49
3/23/2018,-2.09,0.21,-0.23
3/26/2018,2.67,-0.68,0.03
3/27/2018,-1.87,-0.21,0.37
3/28/2018,-0.35,0.14,0.65
3/29/2018,1.41,-0.32,-0.22
4/2/2018,-2.29,-0.15,0.36
4/3/2018,1.24,-0.04,0.19
4/4/2018,1.17,0.33,-0.32
4/5/2018,0.75,0.03,0.46
4/6/2018,-2.19,0.39,-0.06
4/9/2018,0.3,-0.15,-0.53
4/10/2018,1.77,0.4,-0.12
4/11/2018,-0.49,0.92,-0.31
4/12/2018,0.84,-0.23,0.18
4/13/2018,-0.37,0.03,-0.24
4/16/2018,0.82,0.08,-0.02
4/17/2018,1.09,0.16,-1.18
4/18/2018,0.13,0.21,0.02
4/19/2018,-0.49,-0.47,1.08
4/20/2018,-0.81,0.06,0.58
4/23/2018,-0.05,-0.07,0.2
4/24/2018,-1.3,0.54,1.02
4/25/2018,0.1,-0.33,0.08
4/26/2018,0.96,-0.39,-0.85
4/27/2018,0.01,-0.26,0.03
4/30/2018,-0.8,0.02,-0.1
5/1/2018,0.24,0.22,-0.54
5/2/2018,-0.63,1.28,-0.36
5/3/2018,-0.25,-0.52,-0.15
5/4/2018,1.3,0.02,-0.2
5/7/2018,0.42,0.41,-0.34
5/8/2018,0.07,0.49,0.24
5/9/2018,0.89,-0.22,0.26
5/10/2018,0.85,-0.43,-0.04
5/11/2018,0.19,0.13,-0.38
5/14/2018,0.05,-0.36,0.1
5/15/2018,-0.55,0.67,0.41
5/16/2018,0.5,0.71,-0.25
5/17/2018,0.02,0.9,0.3
5/18/2018,-0.23,0.57,-0.61
5/21/2018,0.72,-0.19,0.44
5/22/2018,-0.42,-0.76,0.61
5/23/2018,0.29,0.05,-0.7
5/24/2018,-0.16,0.37,-0.35
5/25/2018,-0.21,0.25,-0.4
5/29/2018,-1.04,1.33,-1.02
5/30/2018,1.31,0.05,0.37
5/31/2018,-0.7,0.07,-0.43
6/1/2018,1.06,-0.23,-0.11
6/4/2018,0.48,0.17,-0.45
6/5/2018,0.17,0.82,-0.44
6/6/2018,0.86,-0.33,0.2
6/7/2018,-0.14,-0.3,0.93
6/8/2018,0.31,0.08,-0.4
6/11/2018,0.12,0.18,-0.17
6/12/2018,0.23,0.23,-0.63
6/13/2018,-0.33,0.08,-0.2
6/14/2018,0.27,0.32,-1
6/15/2018,-0.08,0.05,-0.25
6/18/2018,-0.09,0.72,0.08
6/19/2018,-0.38,0.57,-0.14
6/20/2018,0.23,0.73,-0.51
6/21/2018,-0.73,-0.63,0.33
6/22/2018,0.11,0,0.46
6/25/2018,-1.48,-0.54,0.57
6/26/2018,0.27,0.63,-0.24
6/27/2018,-1.02,-1,0.36
6/28/2018,0.58,-0.18,-0.51
6/29/2018,0.07,-0.2,-0.24
7/2/2018,0.36,0.44,-0.25
7/3/2018,-0.44,0.81,-0.02
7/5/2018,0.87,0.44,-0.43
7/6/2018,0.88,0.05,-0.3
7/9/2018,0.93,-0.41,0.85
7/10/2018,0.21,-0.78,-0.17
7/11/2018,-0.69,-0.02,-0.45
7/12/2018,0.86,-0.35,-1.14
7/13/2018,0.08,-0.12,-0.3
7/16/2018,-0.16,-0.78,0.98
7/17/2018,0.48,0.26,-0.76
7/18/2018,0.27,-0.27,0.67
7/19/2018,-0.34,0.96,-0.36
7/20/2018,-0.1,-0.19,0.12
7/23/2018,0.15,-0.3,0.55
7/24/2018,0.22,-1.36,0.39
7/25/2018,0.83,-0.43,-1.06
7/26/2018,-0.2,0.64,0.57
7/27/2018,-0.82,-1.38,1.06
7/30/2018,-0.7,-0.21,1.57
7/31/2018,0.51,0.85,-1.11
8/1/2018,-0.13,0.04,-0.19
8/2/2018,0.67,0.31,-0.67
8/3/2018,0.31,-1.07,0.52
8/6/2018,0.46,0.25,-0.34
8/7/2018,0.29,0.03,-0.17
8/8/2018,-0.04,-0.12,0.27
8/9/2018,-0.05,0.37,-0.35
8/10/2018,-0.6,0.39,-0.21
8/13/2018,-0.46,-0.15,-0.29
8/14/2018,0.69,0.31,0.21
8/15/2018,-0.91,-0.54,-0.13
8/16/2018,0.86,-0.06,0.25
8/17/2018,0.3,0.09,0.01
8/20/2018,0.25,0.12,0.14
8/21/2018,0.33,0.91,0.12
8/22/2018,0.05,0.36,-0.35
8/23/2018,-0.19,-0.06,-0.32
8/24/2018,0.62,-0.02,-0.58
8/27/2018,0.74,-0.67,-0.16
8/28/2018,-0.01,-0.11,-0.24
8/29/2018,0.56,-0.04,-0.58
8/30/2018,-0.41,0.29,-0.42
8/31/2018,0.08,0.5,-0.38
9/4/2018,-0.11,-0.37,0.01
9/5/2018,-0.41,-0.18,0.66
9/6/2018,-0.44,-0.35,-0.24
9/7/2018,-0.18,0.1,-0.21
9/10/2018,0.23,0.12,-0.37
9/11/2018,0.37,-0.29,-0.24
9/12/2018,0.03,-0.06,-0.23
9/13/2018,0.45,-0.44,-0.4
9/14/2018,0.12,0.26,0.25
9/17/2018,-0.71,-0.46,0.83
9/18/2018,0.57,0.05,-0.48
9/19/2018,0.06,-0.66,1.28
9/20/2018,0.77,0.31,-0.22
9/21/2018,-0.13,-0.42,0.3
9/24/2018,-0.31,0.06,-0.9
9/25/2018,-0.05,0.27,-0.38
9/26/2018,-0.4,-0.38,-0.63
9/27/2018,0.27,-0.26,-0.55
9/28/2018,-0.03,0.4,-0.2
10/1/2018,0.16,-1.62,0.34
10/2/2018,-0.21,-0.98,0.59
10/3/2018,0.2,0.84,0.51
10/4/2018,-0.93,-1.06,1.57
10/5/2018,-0.64,-0.43,0.38
10/8/2018,-0.17,-0.4,1.22
10/9/2018,-0.18,-0.29,0.28
10/10/2018,-3.33,0.29,1.1
10/11/2018,-1.96,0.45,-0.92
10/12/2018,1.38,-0.88,-1.74
10/15/2018,-0.48,0.92,0.51
10/16/2018,2.24,0.68,-1.43
10/17/2018,-0.08,-0.68,0.25
10/18/2018,-1.54,-0.54,0.42
10/19/2018,-0.25,-1.33,0.71
10/22/2018,-0.38,0.48,-1.25
10/23/2018,-0.62,-0.1,-0.41
10/24/2018,-3.33,-0.93,0.77
10/25/2018,1.93,0.42,-0.58
10/26/2018,-1.65,0.58,0.35
10/29/2018,-0.77,-0.33,1.62
10/30/2018,1.66,0.42,0.08
10/31/2018,1.22,-0.66,-0.74
11/1/2018,1.29,1.35,-1.14
11/2/2018,-0.53,0.79,0.67
11/5/2018,0.4,-1.01,1.55
11/6/2018,0.58,-0.16,0.03
11/7/2018,2.11,-0.33,-1.06
11/8/2018,-0.28,-0.25,0.26
11/9/2018,-1.04,-0.86,0.41
11/12/2018,-2.06,0.01,0.85
11/13/2018,-0.13,-0.11,0.16
11/14/2018,-0.77,0.03,-0.29
11/15/2018,1.18,0.36,-0.41
11/16/2018,0.15,0.02,-0.05
11/19/2018,-1.88,-0.73,2.3
11/20/2018,-1.85,0.14,-0.53
11/21/2018,0.51,0.98,-0.34
11/23/2018,-0.55,0.83,-0.59
11/26/2018,1.62,-0.66,-0.2
11/27/2018,0.11,-1.09,0.26
11/28/2018,2.42,0.45,-1.16
11/29/2018,-0.22,-0.1,-0.1
11/30/2018,0.78,-0.33,-0.43
12/3/2018,1.13,-0.05,-0.8
12/4/2018,-3.45,-0.97,-0.21
12/6/2018,-0.16,0.14,-1.05
12/7/2018,-2.36,0.2,1.32
12/10/2018,0.1,-0.11,-1.62
12/11/2018,-0.08,-0.05,-0.4
12/12/2018,0.68,0.57,-0.19
12/13/2018,-0.26,-1.51,-0.19
12/14/2018,-1.89,-0.07,0.5
12/17/2018,-2.13,-0.26,1.09
12/18/2018,-0.03,0.03,-0.6
12/19/2018,-1.58,-0.62,0.04
12/20/2018,-1.62,-0.29,0.98
12/21/2018,-2.17,-0.55,0.77
12/24/2018,-2.55,1,-0.48
12/26/2018,5.06,-0.06,-1.02
12/27/2018,0.78,-0.66,-0.12
12/28/2018,-0.03,0.77,0.26
12/31/2018,0.9,-0.1,-0.46
1/2/2019,0.23,0.59,1.11
1/3/2019,-2.45,0.36,1.2
1/4/2019,3.55,0.41,-0.7
1/7/2019,0.94,1,-0.75
1/8/2019,1.01,0.53,-0.63
1/9/2019,0.56,0.46,0.1
1/10/2019,0.42,0.03,-0.46
1/11/2019,-0.01,0.12,0.22
1/14/2019,-0.6,-0.59,0.94
1/15/2019,1.06,0,-0.88
1/16/2019,0.28,0.04,0.92
1/17/2019,0.75,0.11,-0.24
1/18/2019,1.29,-0.36,0.12
1/22/2019,-1.53,-0.4,0.32
1/23/2019,0.15,-0.39,-0.13
1/24/2019,0.23,0.44,-0.01
1/25/2019,0.9,0.46,-0.35
1/28/2019,-0.8,-0.16,0.63
1/29/2019,-0.19,-0.01,0.17
1/30/2019,1.51,-0.15,-0.94
1/31/2019,0.92,0.12,-1.08
2/1/2019,0.14,-0.14,0.43
2/4/2019,0.72,0.49,-0.47
2/5/2019,0.43,-0.08,-0.6
2/6/2019,-0.22,-0.02,0.07
2/7/2019,-0.93,-0.14,0.4
2/8/2019,0.09,0.05,-0.69
2/11/2019,0.14,0.66,0.23
2/12/2019,1.36,0.02,-0.16
2/13/2019,0.28,0.07,0.07
2/14/2019,-0.21,0.52,-0.58
2/15/2019,1.13,0.25,0.47
2/19/2019,0.19,0.29,0.3
2/20/2019,0.19,0.21,0.55
2/21/2019,-0.37,-0.07,-0.22
2/22/2019,0.65,0.55,-1.47
2/25/2019,0.15,-0.26,-0.18
2/26/2019,-0.16,-0.64,-0.33
2/27/2019,0.09,0.2,-0.12
2/28/2019,-0.31,0.02,-0.24
3/1/2019,0.72,0.29,-0.4
3/4/2019,-0.52,-0.4,0.37
3/5/2019,-0.17,-0.31,-0.23
3/6/2019,-0.84,-1.27,0.05
3/7/2019,-0.82,-0.07,-0.33
3/8/2019,-0.22,0.04,-0.16
3/11/2019,1.49,0.36,-0.53
3/12/2019,0.25,-0.28,-0.09
3/13/2019,0.68,-0.31,0.07
3/14/2019,-0.1,-0.4,0.3
3/15/2019,0.48,-0.26,-0.25
3/18/2019,0.46,0.16,0.44
3/19/2019,-0.09,-0.39,-0.93
3/20/2019,-0.39,0.02,-1.05
3/21/2019,1.11,0.3,-1.23
3/22/2019,-2.17,-1.52,-0.07
3/25/2019,-0.05,0.66,-0.25
3/26/2019,0.76,0.17,0.46
3/27/2019,-0.5,0.1,0.5
3/28/2019,0.4,0.34,0.02
3/29/2019,0.66,-0.22,-0.92
4/1/2019,1.19,-0.3,0.99
4/2/2019,-0.05,-0.13,-0.44
4/3/2019,0.27,0.22,-0.4
4/4/2019,0.19,0.21,0.93
4/5/2019,0.52,0.53,-0.08
4/8/2019,0.08,-0.29,0.1
4/9/2019,-0.65,-0.56,-0.14
4/10/2019,0.48,0.97,-0.1
4/11/2019,0,-0.31,0.41
4/12/2019,0.65,-0.5,0.65
4/15/2019,-0.09,-0.22,-0.53
4/16/2019,0.13,0.12,0.7
4/17/2019,-0.32,-0.7,0.83
4/18/2019,0.11,-0.25,-0.51
4/22/2019,0.11,-0.46,-0.56
4/23/2019,0.97,0.72,-0.48
4/24/2019,-0.23,0.27,-0.07
4/25/2019,-0.14,-0.75,-0.19
4/26/2019,0.53,0.43,0.07
4/29/2019,0.18,0.08,0.65
4/30/2019,-0.04,-0.7,0.28
5/1/2019,-0.83,-0.1,-0.02
5/2/2019,-0.16,0.45,-0.27
5/3/2019,1.13,0.94,-0.27
5/6/2019,-0.39,0.6,-0.42
5/7/2019,-1.69,-0.28,0.5
5/8/2019,-0.22,-0.15,-0.32
5/9/2019,-0.28,0.08,0.12
5/10/2019,0.35,-0.37,0.08
5/13/2019,-2.67,-0.73,0.28
5/14/2019,0.93,0.4,-0.02
5/15/2019,0.58,0.05,-0.96
5/16/2019,0.91,-0.4,-0.32
5/17/2019,-0.73,-0.8,0.29
5/20/2019,-0.65,-0.23,0.72
5/21/2019,0.9,0.43,-0.35
5/22/2019,-0.4,-0.52,-0.6
5/23/2019,-1.37,-0.69,-0.28
5/24/2019,0.23,0.5,0.31
5/28/2019,-0.78,0.29,-0.63
5/29/2019,-0.71,-0.29,0.41
5/30/2019,0.14,-0.28,-0.76
5/31/2019,-1.37,-0.22,-0.1
6/3/2019,-0.4,0.35,1.66
6/4/2019,2.33,0.42,-0.03
6/5/2019,0.7,-0.98,-0.97
6/6/2019,0.55,-1.04,0.01
6/7/2019,1.04,0.05,-1.2
6/10/2019,0.53,-0.04,0.08
6/11/2019,-0.12,-0.25,0.55
6/12/2019,-0.2,0.41,-0.99
6/13/2019,0.52,0.67,-0.04
6/14/2019,-0.27,-0.79,0.32
6/17/2019,0.15,0.63,-1.12
6/18/2019,1.04,0.16,0.33
6/19/2019,0.32,0.11,-0.6
6/20/2019,0.89,-0.36,-0.23
6/21/2019,-0.21,-0.47,-0.03
6/24/2019,-0.34,-0.9,0.08
6/25/2019,-0.98,0.34,0.71
6/26/2019,-0.06,-0.05,0.25
6/27/2019,0.6,1.42,-0.09
6/28/2019,0.68,0.64,0.61
7/1/2019,0.75,-0.54,-0.13
7/2/2019,0.14,-0.79,-0.81
7/3/2019,0.78,-0.04,-0.33
7/5/2019,-0.1,0.16,0.91
7/8/2019,-0.58,-0.45,0.05
7/9/2019,0.18,-0.15,-0.43
7/10/2019,0.4,-0.15,-0.36
7/11/2019,0.19,-0.79,0.04
7/12/2019,0.53,0.18,0.41
7/15/2019,-0.04,-0.35,-1.07
7/16/2019,-0.32,0.35,0.1
7/17/2019,-0.64,-0.15,-0.65
7/18/2019,0.35,-0.29,0.02
7/19/2019,-0.56,0.15,0.86
7/22/2019,0.25,-0.45,-0.49
7/23/2019,0.65,-0.23,0.81
7/24/2019,0.66,0.75,0.86
7/25/2019,-0.63,-0.66,-0.12
7/26/2019,0.82,0.39,-0.19
7/29/2019,-0.32,-0.34,-0.46
7/30/2019,-0.17,1.37,0.89
7/31/2019,-1.09,0.12,0.61
8/1/2019,-1.04,-0.42,-1.9
8/2/2019,-0.87,-0.32,0.06
8/5/2019,-3.07,-0.01,0
8/6/2019,1.29,-0.42,-0.59
8/7/2019,0.07,0.08,-0.9
8/8/2019,1.97,0.04,-0.23
8/9/2019,-0.78,-0.42,-0.22
8/12/2019,-1.32,0.28,-0.27
8/13/2019,1.47,-0.17,-0.53
8/14/2019,-2.95,0.22,-0.51
8/15/2019,0.16,-0.61,-0.53
8/16/2019,1.55,0.52,0.61
8/19/2019,1.14,0.01,0.22
8/20/2019,-0.75,0.3,-0.5
8/21/2019,0.85,0.05,-0.3
8/22/2019,-0.1,-0.53,0.49
8/23/2019,-2.66,-0.55,-0.18
8/26/2019,1.08,-0.02,-0.17
8/27/2019,-0.46,-0.88,-0.67
8/28/2019,0.68,0.47,0.62
8/29/2019,1.35,0.31,0.34
8/30/2019,0.03,-0.38,0.23
9/3/2019,-0.86,-0.95,0.1
9/4/2019,1.08,-0.22,0.43
9/5/2019,1.42,0.4,0.71
9/6/2019,-0.02,-0.39,0.04
9/9/2019,0.07,0.75,3.06
9/10/2019,0.17,1.06,1.13
9/11/2019,0.88,1.33,-0.04
9/12/2019,0.22,-0.3,-0.13
9/13/2019,-0.01,0.01,0.74
9/16/2019,-0.23,0.9,0.53
9/17/2019,0.17,-0.59,-1.19
9/18/2019,-0.05,-0.76,0.06
9/19/2019,-0.05,-0.43,-0.46
9/20/2019,-0.48,0.29,0.15
9/23/2019,-0.02,-0.17,0.51
9/24/2019,-1.01,-0.73,0
9/25/2019,0.69,0.36,0.53
9/26/2019,-0.41,-0.96,0.11
9/27/2019,-0.62,-0.34,0.88
9/30/2019,0.5,-0.17,-0.48
10/1/2019,-1.31,-0.46,-0.59
10/2/2019,-1.73,0.9,-0.36
10/3/2019,0.8,-0.22,-0.89
10/4/2019,1.39,-0.47,-0.07
10/7/2019,-0.41,0.16,-0.02
10/8/2019,-1.61,-0.13,-0.12
10/9/2019,0.92,-0.55,-0.09
10/10/2019,0.59,-0.4,0.26
10/11/2019,1.23,0.47,0.19
10/14/2019,-0.18,-0.34,-0.04
10/15/2019,1.03,0.25,-0.25
10/16/2019,-0.24,0.4,0.23
10/17/2019,0.37,0.8,-0.28
10/18/2019,-0.49,-0.36,0.86
10/21/2019,0.71,0.16,0.35
10/22/2019,-0.34,0.22,0.85
10/23/2019,0.25,-0.09,0.26
10/24/2019,0.25,-0.26,-0.89
10/25/2019,0.51,0.27,0.08
10/28/2019,0.62,0.27,-0.24
10/29/2019,-0.13,0.3,0.51
10/30/2019,0.27,-0.37,-1.16
10/31/2019,-0.38,-0.26,-0.44
11/1/2019,1.08,0.48,0.83
11/4/2019,0.4,0.01,1.35
11/5/2019,-0.03,0.24,0.45
11/6/2019,-0.05,-0.72,0.23
11/7/2019,0.38,-0.14,0.51
11/8/2019,0.31,0.06,-0.36
11/11/2019,-0.19,0,-0.19
11/12/2019,0.16,-0.12,-0.15
11/13/2019,0.01,-0.22,-0.82
11/14/2019,0.07,-0.11,-0.25
11/15/2019,0.74,-0.26,-0.34
11/18/2019,0.02,-0.35,-0.51
11/19/2019,0.02,0.58,-0.94
11/20/2019,-0.33,0,-0.45
11/21/2019,-0.14,-0.35,0.1
11/22/2019,0.24,0.06,0.22
11/25/2019,0.92,1.32,-0.38
11/26/2019,0.19,0.06,-0.9
11/27/2019,0.44,0.23,-0.03
11/29/2019,-0.42,-0.04,-0.31
12/2/2019,-0.87,-0.25,0.48
12/3/2019,-0.66,0.6,-0.83
12/4/2019,0.6,0.13,0.24
12/5/2019,0.13,-0.21,0.46
12/6/2019,0.91,0.24,0.37
12/9/2019,-0.33,0.37,0.11
12/10/2019,-0.08,0.31,-0.09
12/11/2019,0.28,-0.07,0.13
12/12/2019,0.9,-0.14,1.14
12/13/2019,-0.03,-0.27,-0.54
12/16/2019,0.74,0.02,-0.04
12/17/2019,0.1,0.41,0.67
12/18/2019,-0.05,0.2,0.09
12/19/2019,0.43,-0.02,-0.42
12/20/2019,0.48,-0.3,-0.3
12/23/2019,0.1,0.19,-0.35
12/24/2019,0.01,0.39,0
12/26/2019,0.48,-0.54,0
12/27/2019,-0.1,-0.53,-0.07
12/30/2019,-0.57,0.19,0.56
12/31/2019,0.28,-0.01,0.12
1/2/2020,0.86,-0.88,-0.34
1/3/2020,-0.67,0.38,0
1/6/2020,0.36,-0.07,-0.55
1/7/2020,-0.19,-0.01,-0.25
1/8/2020,0.47,-0.06,-0.64
1/9/2020,0.65,-0.64,-0.48
1/10/2020,-0.34,-0.19,-0.33
1/13/2020,0.73,-0.11,-0.08
1/14/2020,-0.06,0.39,-0.18
1/15/2020,0.16,0.47,-0.81
1/16/2020,0.88,0.52,-0.11
1/17/2020,0.28,-0.64,-0.13
1/21/2020,-0.32,-0.51,-0.62
1/22/2020,0.08,-0.26,0.01
1/23/2020,0.08,-0.05,-0.14
1/24/2020,-0.97,-0.44,-0.28
1/27/2020,-1.56,0.37,-0.41
1/28/2020,1.02,-0.12,-0.42
1/29/2020,-0.1,-0.24,-0.98
1/30/2020,0.34,-0.68,0.69
1/31/2020,-1.74,-0.42,-0.35
2/3/2020,0.84,0.62,-0.68
2/4/2020,1.57,-0.04,-0.68
2/5/2020,0.97,0.32,1.47
2/6/2020,0.27,-0.45,-0.84
2/7/2020,-0.55,-0.79,-0.03
2/10/2020,0.73,0,-0.88
2/11/2020,0.28,0.05,1.05
2/12/2020,0.66,0.15,-0.35
2/13/2020,-0.09,0.19,0
2/14/2020,0.15,-0.38,-0.66
2/18/2020,-0.19,0.15,-0.65
2/19/2020,0.6,0.18,0.03
2/20/2020,-0.35,0.49,0.67
2/21/2020,-1.12,-0.1,0.02
2/24/2020,-3.39,0.18,0.02
2/25/2020,-3.09,-0.1,-0.68
2/26/2020,-0.52,-0.38,-1.2
2/27/2020,-4.22,0.78,0.05
2/28/2020,-0.78,0.29,-0.8
3/2/2020,4.31,-1.69,-0.44
3/3/2020,-2.79,0.8,-0.63
3/4/2020,4.03,-1.08,-1.17
3/5/2020,-3.38,0.25,-1.4
3/6/2020,-1.78,0.06,-1.49
3/9/2020,-7.78,-0.38,-4.75
3/10/2020,4.74,-2.49,0.81
3/11/2020,-5.05,-0.82,-0.8
3/12/2020,-9.63,-0.44,-1.17
3/13/2020,8.96,-2.7,3.03
3/16/2020,-12,-0.26,-0.76
3/17/2020,5.88,0.86,-0.62
3/18/2020,-5.56,-3.56,-4.69
3/19/2020,1.31,5.46,0.83
3/20/2020,-4.15,0.34,-0.88
3/23/2020,-2.55,2.24,-3.27
3/24/2020,9.34,-1.26,2.38
3/25/2020,1.18,-0.74,1.92
3/26/2020,6.02,-0.73,1.07
3/27/2020,-3.48,-0.83,-0.76
3/30/2020,3.16,-0.29,-2.09
3/31/2020,-1.44,1.8,-0.39
4/1/2020,-4.5,-1.48,-1.4
4/2/2020,2.1,-0.98,-0.28
4/3/2020,-1.64,-1.11,-1.18
4/6/2020,7.06,0.77,0.32
4/7/2020,-0.11,-0.57,2.08
4/8/2020,3.4,0.31,1.28
4/9/2020,1.59,1.92,3.16
4/13/2020,-0.92,-0.84,-2.4
4/14/2020,3.02,-0.18,-3.15
4/15/2020,-2.15,-1.23,-2.55
4/16/2020,0.62,-0.21,-2.98
4/17/2020,2.72,0.74,2.77
4/20/2020,-1.56,0.77,-0.91
4/21/2020,-3.08,0.93,0.16
4/22/2020,2.31,-0.69,-1.64
4/23/2020,0.13,1.1,0.54
4/24/2020,1.44,0.26,-0.13
4/27/2020,1.73,1.61,2.71
4/28/2020,-0.45,0.99,2.85
4/29/2020,2.92,1.89,2
4/30/2020,-1.18,-1.43,-1.7
5/1/2020,-2.91,-0.56,-0.97
5/4/2020,0.54,0.21,-1.27
5/5/2020,0.95,0.03,-2.02
5/6/2020,-0.52,0.54,-2.7
5/7/2020,1.33,-0.06,0.4
5/8/2020,1.9,1.39,2.46
5/11/2020,0.07,0.47,-3.78
5/12/2020,-2.06,-0.84,-1.35
5/13/2020,-1.89,-0.9,-2.08
5/14/2020,1.14,-1.51,0.93
5/15/2020,0.57,1.61,-1.15
5/18/2020,3.24,1.56,4.6
5/19/2020,-1.01,-0.54,-1.5
5/20/2020,1.8,1.08,1.32
5/21/2020,-0.7,0.62,0.4
5/22/2020,0.27,0.47,-0.85
5/26/2020,1.23,0.09,4.55
5/27/2020,1.54,0.65,3.62
5/28/2020,-0.41,-1.53,-2.43
5/29/2020,0.6,-0.29,-1.98
6/1/2020,0.52,-0.04,0.43
6/2/2020,0.81,-0.09,0.54
6/3/2020,1.42,0.15,2.62
6/4/2020,-0.34,-0.23,2.89
6/5/2020,2.5,0.66,2.76
6/8/2020,1.39,0.37,2.09
6/9/2020,-0.85,-0.25,-1.92
6/10/2020,-0.56,-0.85,-4.1
6/11/2020,-5.91,-0.82,-3.03
6/12/2020,1.29,0.31,1.82
6/15/2020,1.09,1.46,-0.39
6/16/2020,1.87,0.61,0.5
6/17/2020,-0.4,-0.9,-1.98
6/18/2020,0.19,0.1,-0.53
6/19/2020,-0.45,0.09,-0.65
6/22/2020,0.71,0.84,-1.36
6/23/2020,0.42,0.16,-0.6
6/24/2020,-2.61,-0.45,-1.36
6/25/2020,1.12,0.24,0.5
6/26/2020,-2.44,0.12,-1.41
6/29/2020,1.51,1.25,1.85
6/30/2020,1.58,0.08,0.01
7/1/2020,0.41,-1.28,-2.58
7/2/2020,0.5,-0.02,-0.13
7/6/2020,1.65,-0.63,0.34
7/7/2020,-1.03,-0.5,-1.5
7/8/2020,0.91,0.3,-0.47
7/9/2020,-0.53,-0.93,-2.61
7/10/2020,1.11,-0.07,3.07
7/13/2020,-1.2,-0.77,2.04
7/14/2020,1.35,0.43,-0.29
7/15/2020,1.14,2.43,1.25
7/16/2020,-0.37,-0.36,0.81
7/17/2020,0.3,0.17,-1.44
7/20/2020,1.01,-0.45,-2.37
7/21/2020,0.15,0.84,3.27
7/22/2020,0.49,-0.61,-0.38
7/23/2020,-1.2,0.72,1.97
7/24/2020,-0.75,-0.82,0.44
7/27/2020,0.88,0.76,-1.99
7/28/2020,-0.81,-0.71,1
7/29/2020,1.35,0.48,0.89
7/30/2020,-0.29,0.49,-1.84
7/31/2020,0.61,-1.6,-0.67
8/3/2020,0.98,1.22,-0.84
8/4/2020,0.37,0.47,0.04
8/5/2020,0.78,1.03,0.83
8/6/2020,0.53,-0.42,-0.85
8/7/2020,0.02,0.91,2.41
8/10/2020,0.24,0.88,1.73
8/11/2020,-0.83,-0.33,1.64
8/12/2020,1.4,-0.51,-1.34
8/13/2020,-0.01,0.18,-1.33
8/14/2020,-0.04,-0.09,1.08
8/17/2020,0.45,0.6,-1.92
8/18/2020,0.22,-1.06,-1.43
8/19/2020,-0.38,0.47,0.09
8/20/2020,0.31,-0.52,-1.55
8/21/2020,0.26,-1.09,-0.43
8/24/2020,0.92,-0.37,2.59
8/25/2020,0.36,0.16,-0.64
8/26/2020,1,-1.17,-1.74
8/27/2020,0.18,-0.34,0.95
8/28/2020,0.7,0.27,-0.23
8/31/2020,-0.04,-0.42,-1.76
9/1/2020,0.92,0.44,-0.3
9/2/2020,1.27,-0.49,-0.45
9/3/2020,-3.7,-0.23,2.61
9/4/2020,-0.87,-0.17,2.06
9/8/2020,-2.91,0.66,-0.29
9/9/2020,2.07,-0.18,-2
9/10/2020,-1.64,0.3,-0.06
9/11/2020,-0.06,-0.84,0.89
9/14/2020,1.59,1.19,-0.8
9/15/2020,0.57,-0.27,-1.44
9/16/2020,-0.39,0.76,1.31
9/17/2020,-0.85,0.36,0.2
9/18/2020,-0.88,0.79,-0.21
9/21/2020,-1.08,-2.03,-1.89
9/22/2020,1.02,-0.14,-1.63
9/23/2020,-2.48,-0.71,0.16
9/24/2020,0.25,-0.21,0.38
9/25/2020,1.72,0.14,-1.35
9/28/2020,1.66,0.73,1.05
9/29/2020,-0.42,0.76,-1.34
9/30/2020,0.79,-0.73,0.15
10/1/2020,0.79,1.04,-0.54
10/2/2020,-0.96,1.09,2.45
10/5/2020,1.93,1.02,-0.1
10/6/2020,-1.28,0.74,0.26
10/7/2020,1.84,0.53,0.22
10/8/2020,0.8,0.03,0.99
10/9/2020,0.93,0.01,-1.41
10/12/2020,1.53,-0.83,-0.08
10/13/2020,-0.41,0.17,-1.73
10/14/2020,-0.65,0.09,0.02
10/15/2020,-0.08,0.9,1.15
10/16/2020,-0.06,-0.18,0.06
10/19/2020,-1.53,0.35,0.31
10/20/2020,0.34,-0.24,1.26
10/21/2020,-0.36,-0.47,0.41
10/22/2020,0.67,0.61,1.03
10/23/2020,0.38,0.41,0.03
10/26/2020,-1.85,-0.28,-0.39
10/27/2020,-0.23,-0.07,-2.33
10/28/2020,-3.41,0.01,0.58
10/29/2020,1.13,0.18,0.27
10/30/2020,-1.45,-0.8,1.87
11/2/2020,1.17,0.54,0.98
11/3/2020,1.93,1.01,-0.19
11/4/2020,2.25,-1.49,-5.02
11/5/2020,2.13,1,0.52
11/6/2020,0.01,-0.86,-0.93
11/9/2020,0.86,0.8,6.73
11/10/2020,-0.17,1.56,2.17
11/11/2020,0.88,-0.57,-1.75
11/12/2020,-0.94,-0.23,-1.19
11/13/2020,1.31,0.62,1.14
11/16/2020,1.22,0.77,1.99
11/17/2020,-0.19,0.6,-0.01
11/18/2020,-0.93,-0.03,0.01
11/19/2020,0.59,0.47,-0.76
11/20/2020,-0.51,0.68,-0.6
11/23/2020,0.83,0.87,1.56
11/24/2020,1.56,-0.11,2.77
11/25/2020,0.03,0,-1.33
11/27/2020,0.43,0.47,-1.63
11/30/2020,-0.53,-0.99,-2.07
12/1/2020,0.98,-0.27,0.53
12/2/2020,0.11,-0.09,1.08
12/3/2020,0.18,0.5,-0.09
12/4/2020,1.02,1.46,0.83
12/7/2020,0.03,0.24,-1.02
12/8/2020,0.47,1.02,-0.7
12/9/2020,-1.03,-0.06,1.28
12/10/2020,0.24,1.12,-0.47
12/11/2020,-0.2,-0.38,-0.71
12/14/2020,-0.28,0.58,-1.53
12/15/2020,1.28,1.08,0.36
12/16/2020,0.17,-0.43,-0.37
12/17/2020,0.79,0.69,-0.7
12/18/2020,-0.12,0.07,-1.17
12/21/2020,-0.23,0.13,-0.05
12/22/2020,0.06,1.21,-1.61
12/23/2020,0.1,0.38,2.03
12/24/2020,0.21,-0.41,-0.19
12/28/2020,0.46,-0.73,0.36
12/29/2020,-0.4,-1.53,0.24
12/30/2020,0.27,1.01,0.03
12/31/2020,0.39,-0.89,0.41
1/4/2021,-1.41,0.22,0.58
1/5/2021,0.86,1.23,0.49
1/6/2021,0.79,2.14,3.94
1/7/2021,1.76,0.33,-0.83
1/8/2021,0.51,-0.75,-1.37
1/11/2021,-0.51,0.26,1.26
1/12/2021,0.38,1.29,1.21
1/13/2021,0.07,-0.93,-0.46
1/14/2021,-0.11,2.03,1.12
1/15/2021,-0.86,-0.49,-0.76
1/19/2021,0.92,0.88,-0.8
1/20/2021,1.26,-0.39,-1.08
1/21/2021,-0.04,-0.55,-0.94
1/22/2021,-0.07,1.87,-0.12
1/25/2021,0.29,-0.05,-0.4
1/26/2021,-0.32,0.02,0.01
1/27/2021,-2.53,1.33,1.56
1/28/2021,0.92,-1.93,-0.91
1/29/2021,-1.84,0.59,0.58
2/1/2021,1.73,0.93,-1.47
2/2/2021,1.48,-0.85,-1.08
2/3/2021,0.15,0.43,0.7
2/4/2021,1.23,0.38,0.37
2/5/2021,0.58,1.07,-0.48
2/8/2021,0.96,2.11,0.39
2/9/2021,0.05,0.71,-0.17
2/10/2021,-0.08,-0.49,0.61
2/11/2021,0.19,-0.22,-0.43
2/12/2021,0.49,-0.14,0.49
2/16/2021,-0.14,-0.61,1.89
2/17/2021,-0.21,-0.85,0.61
2/18/2021,-0.63,-1.55,-0.2
2/19/2021,0.16,1.79,0.72
2/22/2021,-1.13,-0.05,3.16
2/23/2021,-0.15,-1.27,0.89
2/24/2021,1.15,1.22,1.42
2/25/2021,-2.74,-1.13,0.92
2/26/2021,-0.28,0.66,-1.58
3/1/2021,2.63,1.09,0.23
3/2/2021,-1.05,-1.09,1.23
3/3/2021,-1.57,-0.19,3.56
3/4/2021,-1.7,-1.36,1.71
3/5/2021,1.85,0.21,0.61
3/8/2021,-0.67,0.61,3.71
3/9/2021,1.79,1.29,-3.23
3/10/2021,0.68,0.78,1.82
3/11/2021,1.44,1.61,-2.02
3/12/2021,0.1,0.14,1.3
3/15/2021,0.7,-0.1,-1.29
3/16/2021,-0.43,-1.11,-0.83
3/17/2021,0.33,0.47,0.33
3/18/2021,-1.88,-1.75,2.18
3/19/2021,0.25,1.26,-0.99
3/22/2021,0.55,-1.2,-2.21
3/23/2021,-1.17,-2.71,-1.04
3/24/2021,-1.01,-1.98,1.46
3/25/2021,0.67,1.68,1.4
3/26/2021,1.55,0.18,0.69
3/29/2021,-0.49,-2.4,-0.23
3/30/2021,-0.02,1.54,1.01
3/31/2021,0.63,1.11,-2.33
4/1/2021,1.27,0.29,0
4/5/2021,1.27,-0.59,-0.71
4/6/2021,0.01,-0.31,0.1
4/7/2021,-0.12,-1.61,0.32
4/8/2021,0.62,0.59,-1.17
4/9/2021,0.65,-0.64,0.13
4/12/2021,-0.05,-0.62,0.59
4/13/2021,0.41,-0.28,-1.61
4/14/2021,-0.35,0.79,1.42
4/15/2021,1.04,-0.44,-1.19
4/16/2021,0.27,-0.35,0.66
4/19/2021,-0.73,-0.78,0.78
4/20/2021,-0.94,-1.19,-1.57
4/21/2021,1.11,1.39,0.1
4/22/2021,-0.77,0.65,-0.77
4/23/2021,1.26,0.75,0.7
4/26/2021,0.43,0.87,-0.5
4/27/2021,-0.03,-0.16,0.85
4/28/2021,-0.06,0.2,0.19
4/29/2021,0.39,-1.14,1.08
4/30/2021,-0.83,-0.43,-0.32
5/3/2021,0.17,0.44,1.71
5/4/2021,-0.89,-0.75,2
5/5/2021,-0.06,-0.47,1.34
5/6/2021,0.48,-0.83,1.2
5/7/2021,0.84,0.43,-0.1
5/10/2021,-1.36,-1.68,1.69
5/11/2021,-0.63,0.96,-0.89
5/12/2021,-2.34,-1.33,0.71
5/13/2021,1.02,0.26,1.14
5/14/2021,1.81,0.98,-0.15
5/17/2021,-0.24,0.6,0.83
5/18/2021,-0.69,0.26,-0.94
5/19/2021,-0.34,-0.37,-0.46
5/20/2021,1.15,-0.11,-1.43
5/21/2021,-0.04,0.22,0.98
5/24/2021,0.99,-0.37,-0.69
5/25/2021,-0.3,-0.62,-1.23
5/26/2021,0.47,1.77,0.56
5/27/2021,0.28,0.8,0.95
5/28/2021,0.04,-0.3,-0.3
6/1/2021,0.03,1.12,1.46
6/2/2021,0.12,-0.12,0.32
6/3/2021,-0.53,-0.53,0.72
6/4/2021,0.89,-0.36,-0.9
6/7/2021,0.15,1.57,-0.96
6/8/2021,0.19,1.15,-0.32
6/9/2021,-0.3,-0.29,-0.84
6/10/2021,0.4,-0.9,-2.05
6/11/2021,0.37,0.67,0.18
6/14/2021,0.15,-0.31,-1.62
6/15/2021,-0.3,-0.03,1.3
6/16/2021,-0.45,0.44,0.2
6/17/2021,0.01,-0.5,-3.59
6/18/2021,-1.22,-0.43,-1.45
6/21/2021,1.34,0.59,1.06
6/22/2021,0.58,0.04,-0.43
6/23/2021,0.01,0.55,-0.28
6/24/2021,0.69,0.66,0.23
6/25/2021,0.31,-0.7,0.43
6/28/2021,0.22,-0.49,-1.59
6/29/2021,0,-0.24,-0.29
6/30/2021,0.07,-0.12,0.75
7/1/2021,0.43,0.37,0.41
7/2/2021,0.56,-1.33,-0.71
7/6/2021,-0.28,-0.65,-1.99
7/7/2021,0.09,-0.92,0.08
7/8/2021,-0.86,0.15,-0.77
7/9/2021,1.25,0.61,1.57
7/12/2021,0.23,-0.17,0.56
7/13/2021,-0.56,-1.13,-0.41
7/14/2021,-0.26,-1.16,0.34
7/15/2021,-0.38,-0.35,0.79
7/16/2021,-0.77,-0.23,-1.25
7/19/2021,-1.41,0.31,-1.74
7/20/2021,1.69,0.79,0.16
7/21/2021,0.95,0.62,0.79
7/22/2021,0.09,-1.33,-1.01
7/23/2021,0.98,-0.09,-0.47
7/26/2021,0.18,-0.09,1.33
7/27/2021,-0.66,-0.66,0.59
7/28/2021,0.27,1.41,-0.65
7/29/2021,0.41,-0.01,0.94
7/30/2021,-0.65,-0.07,-0.17
8/2/2021,-0.12,-0.15,-0.41
8/3/2021,0.73,-0.47,0.92
8/4/2021,-0.39,-0.62,-1.56
8/5/2021,0.74,1.14,-0.1
8/6/2021,0.09,0.05,1.88
8/9/2021,0.01,-0.36,-0.26
8/10/2021,0.06,-0.01,1.82
8/11/2021,0.19,-0.01,1.41
8/12/2021,0.24,-0.59,-0.4
8/13/2021,0,-0.85,-0.24
8/16/2021,-0.05,-0.86,0.05
8/17/2021,-0.8,-0.45,-0.11
8/18/2021,-0.95,0.11,-0.19
8/19/2021,-0.15,-0.79,-0.82
8/20/2021,0.92,1,-0.48
8/23/2021,1.08,0.94,-0.85
8/24/2021,0.41,0.36,0.36
8/25/2021,0.26,-0.04,0.36
8/26/2021,-0.65,-0.39,-0.32
8/27/2021,1.07,1.63,0.3
8/30/2021,0.35,-0.34,-1.37
8/31/2021,-0.13,0.44,-0.05
9/1/2021,0.11,0.59,-0.94
9/2/2021,0.36,0.1,-0.04
9/3/2021,-0.01,-0.38,-0.26
9/7/2021,-0.36,-0.14,-0.09
9/8/2021,-0.34,-0.81,0.08
9/9/2021,-0.27,0.23,0.09
9/10/2021,-0.76,-0.1,0.02
9/13/2021,0.14,-0.05,1.34
9/14/2021,-0.66,-0.51,-0.97
9/15/2021,0.88,0.02,0.63
9/16/2021,-0.03,0.04,-0.55
9/17/2021,-0.72,0.99,-0.05
9/20/2021,-1.87,-0.58,0.22
9/21/2021,0.05,0.45,-0.67
9/22/2021,1,0.18,0.53
9/23/2021,1.28,0.36,0.93
9/24/2021,0.08,-0.47,0.7
9/27/2021,-0.1,1.26,2.43
9/28/2021,-2.18,-0.44,1.75
9/29/2021,0.03,-0.3,0.8
9/30/2021,-1.02,0.32,-0.77
10/1/2021,1.1,0.41,0.5
10/4/2021,-1.43,-0.03,2.33
10/5/2021,1.05,-0.52,-0.07
10/6/2021,0.33,-0.87,-0.49
10/7/2021,1.01,0.53,-0.17
10/8/2021,-0.28,-0.61,1.12
10/11/2021,-0.72,0.31,-0.28
10/12/2021,-0.06,0.63,-0.44
10/13/2021,0.43,0.14,-1.06
10/14/2021,1.65,-0.34,-0.27
10/15/2021,0.63,-1.2,0.3
10/18/2021,0.41,-0.25,0
10/19/2021,0.71,-0.49,-0.23
10/20/2021,0.34,-0.02,1.19
10/21/2021,0.37,0.21,-0.95
10/22/2021,-0.25,-0.24,1.01
10/25/2021,0.58,0.49,-0.15
10/26/2021,0.04,-0.7,-0.31
10/27/2021,-0.76,-0.74,-1.18
10/28/2021,1.14,0.88,-0.49
10/29/2021,0.22,0.2,-0.83
11/1/2021,0.51,2.02,0.44
11/2/2021,0.24,-0.29,-0.54
11/3/2021,0.8,1.45,-0.12
11/4/2021,0.39,-0.02,-1.37
11/5/2021,0.38,0.69,1.19
11/8/2021,0.18,0.02,0.07
11/9/2021,-0.35,-0.18,0.45
11/10/2021,-1.07,-0.65,0.93
11/11/2021,0.24,0.54,0.33
11/12/2021,0.74,-0.32,-0.91
11/15/2021,-0.02,-0.53,0.71
11/16/2021,0.5,0.04,-0.72
11/17/2021,-0.47,-0.56,-0.25
11/18/2021,0.06,-0.58,-0.07
11/19/2021,-0.2,-0.17,-1.28
11/22/2021,-0.61,-0.54,2.76
11/23/2021,-0.03,-0.52,1.75
11/24/2021,0.3,0.03,-0.87
11/26/2021,-2.22,-1.23,-0.92
11/29/2021,1.11,-1.02,-0.79
11/30/2021,-1.95,0.52,-1.13
12/1/2021,-1.61,-0.79,1.11
12/2/2021,1.51,0.71,1.27
12/3/2021,-1.21,-1.13,1.06
12/6/2021,1.19,0.76,0.63
12/7/2021,2.22,0.2,-1.79
12/8/2021,0.47,0.66,-0.83
12/9/2021,-1.07,-1.37,1.57
12/10/2021,0.7,-0.83,0.5
12/13/2021,-1.04,-0.31,-0.98
12/14/2021,-0.76,-0.68,1.64
12/15/2021,1.62,0.39,-1.91
12/16/2021,-1.2,-1.6,2.78
12/17/2021,-0.65,1.88,-2.33
12/20/2021,-1.27,-0.16,-0.41
12/21/2021,2.06,0.82,0.19
12/22/2021,0.97,0.26,-0.36
12/23/2021,0.71,0.35,-0.48
12/27/2021,1.22,-0.11,0.3
12/28/2021,-0.27,-0.59,0.81
12/29/2021,0.06,-0.07,0.17
12/30/2021,-0.15,0.11,-0.4
12/31/2021,-0.31,0.05,0.53
1/3/2022,0.73,0.34,0.78
1/4/2022,-0.29,-0.82,3.63
1/5/2022,-2.28,-1.46,2.6
1/6/2022,0,0.2,1.75
1/7/2022,-0.48,-1.32,2.02
1/10/2022,-0.15,-0.23,-0.28
1/11/2022,1.1,-0.08,-0.3
1/12/2022,0.12,-0.89,0.5
1/13/2022,-1.57,0.3,2.41
1/14/2022,0.08,0.18,0.54
1/18/2022,-2.08,-1.03,1.37
1/19/2022,-1.01,-0.33,-0.67
1/20/2022,-1.14,-0.86,-0.23
1/21/2022,-2.1,0.28,0.49
1/24/2022,0.53,1.81,-0.25
1/25/2022,-1.43,-0.62,2.79
1/26/2022,-0.3,-1.08,0.09
1/27/2022,-0.79,-1.64,0.79
1/28/2022,2.45,-0.14,-2.07
1/31/2022,2.34,1.31,-2.86
2/1/2022,0.87,0.05,0.65
2/2/2022,0.48,-1.75,0.72
2/3/2022,-2.49,-0.05,2.18
2/4/2022,0.89,-0.02,-0.6
2/7/2022,-0.25,0.53,0.23
2/8/2022,1.02,0.68,-0.28
2/9/2022,1.61,0.23,-1.95
2/10/2022,-1.69,-0.15,1.23
2/11/2022,-1.92,0.6,2.13
2/14/2022,-0.35,0.22,-0.59
2/15/2022,1.87,1.32,-1.42
2/16/2022,-0.02,-0.09,0.31
2/17/2022,-2.28,-0.28,1.1
2/18/2022,-0.87,-0.09,0.93
2/22/2022,-1.18,-0.49,0.11
2/23/2022,-1.96,-0.2,1.26
2/24/2022,1.89,1.52,-3.86
2/25/2022,2.23,-0.42,1.22
2/28/2022,0.05,0.64,-0.5
3/1/2022,-1.57,-0.1,-0.81
3/2/2022,1.81,0.42,1.34
3/3/2022,-0.88,-0.57,1.52
3/4/2022,-1.1,-0.66,0.68
3/7/2022,-3.12,0.58,0.89
3/8/2022,-0.52,1.01,0.33
3/9/2022,2.8,0.32,-2.09
3/10/2022,-0.47,0.11,1.16
3/11/2022,-1.49,-0.44,1.78
3/14/2022,-1.06,-1.33,1.77
3/15/2022,2.15,-0.12,-2.39
3/16/2022,2.61,0.8,-1.83
3/17/2022,1.43,0.29,-1.09
3/18/2022,1.33,0.28,-1.85
3/21/2022,-0.18,-1.1,1.59
3/22/2022,1.31,0.04,-1.16
3/23/2022,-1.26,-0.64,0.38
3/24/2022,1.42,-0.09,-0.79
3/25/2022,0.27,-0.59,2.18
3/28/2022,0.73,-0.56,-1.7
3/29/2022,1.45,1.54,-1.92
3/30/2022,-0.83,-1.28,0.4
3/31/2022,-1.55,0.71,-0.44
4/1/2022,0.39,0.69,-0.59
4/4/2022,0.94,-0.05,-1.88
4/5/2022,-1.54,-0.97,0.84
4/6/2022,-1.24,-0.66,1.09
4/7/2022,0.33,-0.61,-0.13
4/8/2022,-0.39,-1,2.24
4/11/2022,-1.53,0.28,1.06
4/12/2022,-0.29,0.55,0.46
4/13/2022,1.4,0.93,-0.71
4/14/2022,-1.28,0.03,1.41
4/18/2022,-0.21,-0.81,1.8
4/19/2022,1.77,0.59,-0.95
4/20/2022,-0.28,0.19,1.26
4/21/2022,-1.75,-0.72,0.41
4/22/2022,-2.74,0.31,-0.16
4/25/2022,0.71,0.43,-1.84
4/26/2022,-3,-0.67,1.79
4/27/2022,0.12,-0.61,0.34
4/28/2022,2.44,-0.19,-0.45
4/29/2022,-3.53,0.75,0.58
5/2/2022,0.8,0.6,-1.15
5/3/2022,0.41,-0.16,1.62
5/4/2022,3,-0.46,0.24
5/5/2022,-3.8,-0.79,2.37
5/6/2022,-0.85,-1.31,1.77
5/9/2022,-3.54,-0.5,1.37
5/10/2022,0.2,-0.23,-1.22
5/11/2022,-1.95,-1.11,2.59
5/12/2022,0.17,1.29,-1.23
5/13/2022,2.76,0.89,-2.2
5/16/2022,-0.6,-0.21,1.34
5/17/2022,2.14,0.96,-0.05
5/18/2022,-4.04,0.21,1.53
5/19/2022,-0.34,0.48,-0.8
5/20/2022,-0.05,-0.11,-0.19
5/23/2022,1.74,-1.07,1.29
5/24/2022,-1.23,-0.94,1.85
5/25/2022,1.22,0.78,0.21
5/26/2022,2.18,0.2,-0.62
5/27/2022,2.58,0.37,-1.31
5/31/2022,-0.71,-0.49,0.45
6/1/2022,-0.75,0.19,0.79
6/2/2022,2.09,0.85,-2.07
6/3/2022,-1.63,0.84,0.53
6/6/2022,0.33,-0.01,0.65
6/7/2022,0.99,0.31,-0.14
6/8/2022,-1.02,-0.09,-0.53
6/9/2022,-2.44,0.31,0.26
6/10/2022,-3,0.11,0.62
6/13/2022,-4.13,-0.65,0.62
6/14/2022,-0.25,0.21,0.12
6/15/2022,1.55,0.28,-1.65
6/16/2022,-3.52,-1.17,0.03
6/17/2022,0.47,1.11,-2.63
6/21/2022,2.38,-0.76,0.24
6/22/2022,-0.18,0.19,-1.77
6/23/2022,1.13,0.8,-3.85
6/24/2022,3.11,-0.36,-0.04
6/27/2022,-0.28,0.56,1.24
6/28/2022,-2.1,-0.35,2.36
6/29/2022,-0.2,-0.45,-1.3
6/30/2022,-0.96,0.41,-0.15
7/1/2022,1.15,0.02,0.1
7/5/2022,0.49,1.81,-3.34
7/6/2022,0.17,-0.75,-0.72
7/7/2022,1.77,1,-0.97
7/8/2022,-0.07,0.11,-0.07
7/11/2022,-1.39,-1.31,1.59
7/12/2022,-0.88,0.73,0.51
7/13/2022,-0.39,0.45,-0.38
7/14/2022,-0.41,-0.26,-1
7/15/2022,1.95,-0.06,0.46
7/18/2022,-0.71,0.21,1.01
7/19/2022,2.8,0.9,-0.55
7/20/2022,0.89,1.48,-1.32
7/21/2022,0.97,0.05,-1.6
7/22/2022,-1.19,-1.09,1.38
7/25/2022,0.11,-0.31,1.68
7/26/2022,-1.32,0.09,1.06
7/27/2022,2.72,0.49,-1.26
7/28/2022,1.19,0.07,-0.87
7/29/2022,1.44,-0.95,0.45
8/1/2022,-0.19,0.33,-0.26
8/2/2022,-0.49,0.93,-1.4
8/3/2022,1.67,0.76,-1.92
8/4/2022,-0.06,0.81,-1.65
8/5/2022,-0.05,0.89,-0.06
8/8/2022,0,0.94,-0.08
8/9/2022,-0.68,-1.82,2.11
8/10/2022,2.36,1.14,-1.6
8/11/2022,-0.07,-0.24,1.64
8/12/2022,1.76,0.62,-0.74
8/15/2022,0.38,0.14,-0.63
8/16/2022,0.19,-0.35,0.7
8/17/2022,-0.93,-1.17,1.04
8/18/2022,0.27,0.19,0.46
8/19/2022,-1.5,-1.16,0.97
8/22/2022,-2.14,-0.17,0.37
8/23/2022,-0.11,0.03,0.32
8/24/2022,0.4,0.65,-0.62
8/25/2022,1.45,0.17,-0.01
8/26/2022,-3.38,-0.55,1.68
8/29/2022,-0.72,-0.57,0.43
8/30/2022,-1.11,-0.24,-0.24
8/31/2022,-0.74,0.28,-0.44
9/1/2022,-0.01,-1.11,-0.29
9/2/2022,-0.99,-0.07,1.06
9/6/2022,-0.51,-0.44,-0.52
9/7/2022,1.92,0.69,-1.53
9/8/2022,0.78,-0.08,-0.2
9/9/2022,1.67,0.53,-0.51
9/12/2022,1.07,0.27,-0.17
9/13/2022,-4.29,-0.19,1.44
9/14/2022,0.44,-0.04,-0.28
9/15/2022,-1.03,0.34,0.54
9/16/2022,-0.98,-0.84,0.85
9/19/2022,0.72,-0.16,0.67
9/20/2022,-1.16,-0.2,0.06
9/21/2022,-1.68,0.36,0.08
9/22/2022,-1.14,-1.35,0.42
9/23/2022,-1.85,-0.25,-0.8
9/26/2022,-1.02,0.17,-0.75
9/27/2022,-0.05,0.64,-0.93
9/28/2022,2.15,0.91,-0.33
9/29/2022,-2.17,-0.46,0.88
9/30/2022,-1.42,0.51,0.26
10/3/2022,2.55,-0.26,0.69
10/4/2022,3.3,0.76,-0.07
10/5/2022,-0.22,-0.35,0.06
10/6/2022,-0.86,0.54,0.13
10/7/2022,-2.91,-0.63,1.68
10/10/2022,-0.81,0.04,0.77
10/11/2022,-0.7,0.55,0.32
10/12/2022,-0.27,0.08,0.02
10/13/2022,2.4,-0.63,1.57
10/14/2022,-2.46,-0.47,1.2
10/17/2022,2.74,0.69,-1.42
10/18/2022,1.19,-0.11,0.01
10/19/2022,-0.87,-1.34,1.21
10/20/2022,-0.8,-0.26,-0.43
10/21/2022,2.3,-0.17,0.11
10/24/2022,1.03,-0.74,0.44
10/25/2022,1.78,1.36,-1.52
10/26/2022,-0.66,0.43,0.89
10/27/2022,-0.54,0.32,1.07
10/28/2022,2.33,-0.05,-0.33
10/31/2022,-0.67,0.38,0.75
11/1/2022,-0.35,0.16,0.78
11/2/2022,-2.67,-1.21,1.6
11/3/2022,-1.03,0.3,0.31
11/4/2022,1.16,-0.6,1.28
11/7/2022,0.87,-0.49,0.6
11/8/2022,0.5,-0.48,-0.36
11/9/2022,-2.25,-0.64,0.55
11/10/2022,5.68,1.63,-3.1
11/11/2022,1.07,0.28,-1.08
11/14/2022,-0.95,-0.39,0.26
11/15/2022,1.03,0.73,-0.7
11/16/2022,-1.03,-1.22,0.57
11/17/2022,-0.42,-0.52,0.58
11/18/2022,0.4,-0.18,0.08
11/21/2022,-0.53,-0.35,0.99
11/22/2022,1.35,-0.53,0.43
11/23/2022,0.63,0.02,-0.94
11/25/2022,-0.02,0.22,0.43
11/28/2022,-1.55,-0.41,-0.2
11/29/2022,-0.18,0.1,1.03
11/30/2022,3.12,0.35,-2.07
12/1/2022,-0.02,0.26,-0.69
12/2/2022,-0.08,0.93,-0.55
12/5/2022,-2.02,-0.59,-0.52
12/6/2022,-1.51,-0.24,1.16
12/7/2022,-0.24,-0.13,-0.34
12/8/2022,0.77,0.2,-1.22
12/9/2022,-0.8,-0.55,0.36
12/12/2022,1.41,-0.32,-0.16
12/13/2022,0.66,0.19,-0.74
12/14/2022,-0.56,0.03,-0.44
12/15/2022,-2.57,-0.39,1.37
12/16/2022,-1.02,0.53,0.18
12/19/2022,-1.01,-0.79,1.23
12/20/2022,0.13,0.21,0.25
12/21/2022,1.52,0.12,-0.13
12/22/2022,-1.52,0.08,0.37
12/23/2022,0.51,-0.61,1.16
12/27/2022,-0.51,-0.74,1.42
12/28/2022,-1.23,-0.24,-0.29
12/29/2022,1.87,1.27,-1.07
12/30/2022,-0.22,0.12,-0.03
1/3/2023,-0.47,0.07,-0.12
1/4/2023,0.81,0.54,0.05
1/5/2023,-1.14,-0.18,1.21
1/6/2023,2.21,-0.06,0.04
1/9/2023,0.04,0.55,-1.24
1/10/2023,0.8,0.91,-0.57
1/11/2023,1.26,0.17,-0.82
1/12/2023,0.46,1.45,-0.3
1/13/2023,0.46,0.28,-0.29
1/17/2023,-0.18,0.17,-0.52
1/18/2023,-1.54,0.04,-0.7
1/19/2023,-0.86,-0.26,0.84
1/20/2023,1.95,0.13,-0.7
1/23/2023,1.29,0.18,-1.01
1/24/2023,-0.16,-0.23,0.2
1/25/2023,0,-0.04,0.65
1/26/2023,1.08,-0.58,0.02
1/27/2023,0.36,0.63,-1.15
1/30/2023,-1.38,-0.11,0.72
1/31/2023,1.58,0.98,-0.08
2/1/2023,1.19,1.01,-1.67
2/2/2023,1.54,1.63,-2.07
2/3/2023,-1.08,0.08,0.95
2/6/2023,-0.73,-0.81,0.41
2/7/2023,1.24,-0.53,-0.04
2/8/2023,-1.18,-0.67,0.72
2/9/2023,-0.95,-0.64,0.2
2/10/2023,0.11,-0.7,1.55
2/13/2023,1.14,0.2,-0.73
2/14/2023,0.12,0.15,-0.68
2/15/2023,0.51,1.03,-0.9
2/16/2023,-1.37,-0.03,0.97
2/17/2023,-0.28,0.68,-0.15
2/21/2023,-2.16,-1.25,0.91
2/22/2023,-0.04,0.55,-0.44
2/23/2023,0.46,0.21,-0.24
2/24/2023,-1.09,-0.52,1.24
2/27/2023,0.31,0.16,-0.29
2/28/2023,-0.26,0.63,-0.71
3/1/2023,-0.42,0.21,0.62
3/2/2023,0.67,-0.34,-0.41
3/3/2023,1.61,0,-0.52
3/6/2023,-0.13,-1.65,-0.1
3/7/2023,-1.45,0.74,-0.66
3/8/2023,0.08,0.19,-0.39
3/9/2023,-2.02,-0.63,-0.66
3/10/2023,-1.68,-1.46,0.81
3/13/2023,-0.34,-0.62,-3.52
3/14/2023,1.71,0.11,-0.4
3/15/2023,-0.79,-0.08,-1.81
3/16/2023,1.76,0.18,-0.2
3/17/2023,-1.21,-0.81,-1.55
3/20/2023,0.84,-0.62,0.74
3/21/2023,1.49,0.45,0.67
3/22/2023,-1.74,-0.8,-0.47
3/23/2023,0.21,-0.17,-1.55
3/24/2023,0.46,0.11,0.72
3/27/2023,0.27,0.22,1.01
3/28/2023,-0.17,-0.16,0.75
3/29/2023,1.39,-0.3,-0.54
3/30/2023,0.5,-0.55,-0.58
3/31/2023,1.53,0.69,-0.77
4/3/2023,0.28,-0.47,0.78
4/4/2023,-0.72,-0.97,-0.73
4/5/2023,-0.4,-1.39,1.4
4/6/2023,0.34,0.06,-0.53
4/10/2023,0.2,0.79,0.28
4/11/2023,0.06,0.47,0.58
4/12/2023,-0.51,-0.55,0.37
4/13/2023,1.39,0.36,-1.17
4/14/2023,-0.23,-0.95,0.2
4/17/2023,0.33,0.79,-0.2
4/18/2023,0.04,-0.43,-0.3
4/19/2023,-0.04,0.28,0.4
4/20/2023,-0.61,0.09,-0.26
4/21/2023,0.08,0.26,-0.91
4/24/2023,0,-0.4,0.47
4/25/2023,-1.76,-0.99,0.11
4/26/2023,-0.41,0.14,-0.76
4/27/2023,1.85,-0.56,0
4/28/2023,0.77,0.15,0.17
5/1/2023,-0.02,0.3,-0.78
5/2/2023,-1.28,-0.53,-1.4
5/3/2023,-0.56,1.06,-1.02
5/4/2023,-0.78,-0.29,-0.99
5/5/2023,1.9,0.4,0.6
5/8/2023,0.08,-0.31,-0.27
5/9/2023,-0.43,0.11,-0.05
5/10/2023,0.43,0.45,-1.31
5/11/2023,-0.21,-0.48,-0.08
5/12/2023,-0.22,-0.19,0.35
5/15/2023,0.47,0.84,0.01
5/16/2023,-0.72,-0.33,-0.47
5/17/2023,1.32,0.87,1.18
5/18/2023,0.99,-0.08,-0.38
5/19/2023,-0.26,-0.45,-0.31
5/22/2023,0.17,1.26,-0.22
5/23/2023,-1.09,0.39,1.05
5/24/2023,-0.72,-0.32,-0.19
5/25/2023,0.64,-0.71,-1.08
5/26/2023,1.32,0.03,-0.87
5/30/2023,-0.01,-0.15,-0.41
5/31/2023,-0.6,-0.1,-1.12
6/1/2023,1.01,0.14,-0.07
6/2/2023,1.62,1.55,1.64
6/5/2023,-0.26,-1,-0.74
6/6/2023,0.47,2.12,1.32
6/7/2023,-0.36,1.34,2.24
6/8/2023,0.59,-0.5,-1.15
6/9/2023,0.03,-0.71,-0.4
6/12/2023,0.94,0.04,-1.4
6/13/2023,0.74,0.57,0.07
6/14/2023,-0.04,-0.89,-0.92
6/15/2023,1.22,-0.35,0.06
6/16/2023,-0.45,-0.55,0.21
6/20/2023,-0.48,0.42,-0.66
6/21/2023,-0.56,0.03,0.54
6/22/2023,0.32,-0.67,-1.23
6/23/2023,-0.84,-0.63,0.07
6/26/2023,-0.48,-0.32,1.3
6/27/2023,1.21,0.47,-0.52
6/28/2023,0.04,0.54,-0.42
6/29/2023,0.44,0.52,0.76
6/30/2023,1.14,-0.63,-0.77
7/3/2023,0.15,0,1.08
7/5/2023,-0.29,-0.95,-0.27
7/6/2023,-0.95,-0.51,-0.69
7/7/2023,-0.12,1.06,1.25
7/10/2023,0.37,1.29,-0.01
7/11/2023,0.75,0.04,0.49
7/12/2023,0.74,0.3,0.43
7/13/2023,0.9,0.05,-0.1
7/14/2023,-0.25,-0.31,-1.51
7/17/2023,0.49,0.76,-0.27
7/18/2023,0.78,0.22,1.09
7/19/2023,0.25,-0.07,1.33
7/20/2023,-0.81,-0.58,0.65
7/21/2023,-0.05,-0.33,-0.37
7/24/2023,0.31,-0.27,0.78
7/25/2023,0.25,-0.04,-0.79
7/26/2023,0.02,0.68,1.02
7/27/2023,-0.75,-0.91,0.26
7/28/2023,1.14,0.54,-0.32
7/31/2023,0.26,1.08,-0.09
8/1/2023,-0.35,-0.16,0.31
8/2/2023,-1.49,-0.18,0.59
8/3/2023,-0.2,-0.05,0.08
8/4/2023,-0.49,0.04,0.78
8/7/2023,0.77,-1.15,0.57
8/8/2023,-0.47,0.05,0.12
8/9/2023,-0.78,-0.08,-0.04
8/10/2023,0.01,-0.32,-0.67
8/11/2023,-0.11,0.13,0.47
8/14/2023,0.51,-0.65,-0.79
8/15/2023,-1.18,0.24,-1.04
8/16/2023,-0.81,-0.41,-0.14
8/17/2023,-0.87,-0.33,0.49
8/18/2023,0.04,0.41,-0.22
8/21/2023,0.64,-0.69,-0.58
8/22/2023,-0.32,0.23,-1.04
8/23/2023,1.08,-0.1,-0.11
8/24/2023,-1.43,-0.2,0.62
8/25/2023,0.65,-0.07,-0.58
8/28/2023,0.63,-0.01,0.41
8/29/2023,1.5,0.01,-0.1
8/30/2023,0.41,0.24,-0.45
8/31/2023,-0.08,-0.21,0.21
9/1/2023,0.26,0.66,0.59
9/5/2023,-0.54,-1.37,-0.85
9/6/2023,-0.71,0,-0.18
9/7/2023,-0.4,-0.63,0.02
9/8/2023,0.12,-0.62,0.39
9/11/2023,0.66,-0.26,-0.53
9/12/2023,-0.59,-0.25,1.02
9/13/2023,0.03,-0.79,-0.22
9/14/2023,0.84,0.22,0.86
9/15/2023,-1.21,0.15,0.24
9/18/2023,-0.04,-0.81,-0.19
9/19/2023,-0.27,-0.12,-0.01
9/20/2023,-0.95,-0.1,0.27
9/21/2023,-1.69,0.19,0.38
9/22/2023,-0.25,0.02,-0.5
9/25/2023,0.39,-0.11,0.35
9/26/2023,-1.46,0.39,-0.5
9/27/2023,0.13,0.69,0.12
9/28/2023,0.65,0.16,0.03
9/29/2023,-0.27,-0.03,0.3
10/2/2023,-0.14,-0.92,-1.05
10/3/2023,-1.5,-0.33,-0.14
10/4/2023,0.77,-0.28,-0.39
10/5/2023,-0.15,0.31,0.08
10/6/2023,1.21,-0.29,-0.55
10/9/2023,0.58,-0.32,0.26
10/10/2023,0.61,0.16,0.64
10/11/2023,0.32,-0.67,0.38
10/12/2023,-0.81,-1.47,0.12
10/13/2023,-0.59,-0.47,0.06
10/16/2023,1.14,0.61,-0.09
10/17/2023,0.09,0.88,0.7
10/18/2023,-1.47,-0.63,-0.17
10/19/2023,-0.92,-0.5,-0.23
10/20/2023,-1.32,0.06,-0.16
10/23/2023,-0.23,-0.26,-0.77
10/24/2023,0.71,0.25,-0.58
10/25/2023,-1.58,-0.3,0.84
10/26/2023,-1.15,0.85,1.66
10/27/2023,-0.53,-0.35,-0.57
10/30/2023,1.15,-0.39,0.28
10/31/2023,0.63,0.05,-0.08
11/1/2023,0.93,-0.63,-0.03
11/2/2023,1.95,0.48,1.64
11/3/2023,1.1,1.62,0.59
11/6/2023,0.01,-1.06,-0.65
11/7/2023,0.35,-0.02,-1.21
11/8/2023,-0.04,-0.82,-0.45
11/9/2023,-0.89,-1.08,0.49
11/10/2023,1.49,-0.57,-0.44
11/13/2023,-0.05,0.15,-0.27
11/14/2023,2.18,2.99,1.2
11/15/2023,0.18,-0.04,0.49
11/16/2023,-0.11,-1.4,-0.32
11/17/2023,0.25,0.99,0.63
11/20/2023,0.73,0,-0.28
11/21/2023,-0.32,-0.79,-0.62
11/22/2023,0.42,0.21,-0.05
11/24/2023,0.11,0.59,0.19
11/27/2023,-0.23,-0.11,-0.08
11/28/2023,0.06,-0.29,0.05
11/29/2023,0.01,0.44,0.69
11/30/2023,0.35,-0.45,0.01
12/1/2023,0.82,2.06,1.06
12/4/2023,-0.44,1.41,0.51
12/5/2023,-0.21,-0.83,-0.83
12/6/2023,-0.39,0.3,0.31
12/7/2023,0.81,0.06,0.47
12/8/2023,0.45,0.03,0.53
12/11/2023,0.35,-0.39,-0.12
12/12/2023,0.34,-0.43,-0.88
12/13/2023,1.55,1.72,1.36
12/14/2023,0.51,1.12,2.06
12/15/2023,-0.06,-0.41,-0.57
12/18/2023,0.42,-0.39,-0.38
12/19/2023,0.72,1.35,0.7
12/20/2023,-1.56,-0.37,0.13
12/21/2023,1.09,0.74,-0.03
12/22/2023,0.2,0.64,0.09
12/26/2023,0.48,0.69,0.46
12/27/2023,0.16,0.14,0.12
12/28/2023,-0.01,-0.36,0.02
12/29/2023,-0.43,-1.13,-0.37
1/2/2024,-0.7,-0.56,0.78
1/3/2024,-1.01,-1.95,-0.12
1/4/2024,-0.33,0.21,0.09
1/5/2024,0.15,-0.8,0.64
1/8/2024,1.49,0.89,-1.29
1/9/2024,-0.21,-0.44,-0.9
1/10/2024,0.5,-0.09,-0.45
1/11/2024,-0.14,-0.45,-0.52
1/12/2024,-0.01,-0.1,-0.49
1/16/2024,-0.47,-0.76,-0.6
1/17/2024,-0.59,-0.07,-0.25
1/18/2024,0.87,-0.1,-0.34
1/19/2024,1.19,-0.46,0.67
1/22/2024,0.39,1.74,0.58
1/23/2024,0.22,-0.66,-0.55
1/24/2024,-0.01,-0.75,0.06
1/25/2024,0.46,0.04,0.56
1/26/2024,-0.02,0.4,-0.27
1/29/2024,0.86,1.07,-0.58
1/30/2024,-0.13,-1.27,0.84
1/31/2024,-1.74,-0.92,-0.3
2/1/2024,1.23,0.63,-1.36
2/2/2024,0.99,-1.44,-0.53
2/5/2024,-0.42,-0.73,-0.65
2/6/2024,0.27,0.85,-0.47
2/7/2024,0.77,-0.89,-0.61
2/8/2024,0.21,1.49,0.03
2/9/2024,0.66,1,-0.42
2/12/2024,0.05,1.29,1.12
2/13/2024,-1.6,-2.4,-0.66
2/14/2024,1.14,1.57,-0.22
2/15/2024,0.67,0.83,1.06
2/16/2024,-0.53,-0.66,-0.18
2/20/2024,-0.74,-0.86,0.31
2/21/2024,-0.03,-0.82,0.14
2/22/2024,2.02,-1.21,-1.31
2/23/2024,0.02,0.28,-0.02
2/26/2024,-0.25,1,-0.11
2/27/2024,0.27,1.19,-0.45
2/28/2024,-0.26,-0.86,0
2/29/2024,0.53,-0.34,0.98
3/1/2024,0.76,0.09,-0.55
3/4/2024,-0.18,-0.79,0.33
3/5/2024,-1.08,-0.32,1.17
3/6/2024,0.53,-0.16,-0.04
3/7/2024,1.02,-0.47,0.04
3/8/2024,-0.66,0.5,0.58
3/11/2024,-0.21,-0.71,0.39
3/12/2024,1.04,-0.97,-0.69
3/13/2024,-0.14,0.29,-0.02
3/14/2024,-0.43,-1.31,-1.04
3/15/2024,-0.59,0.75,0.79
3/18/2024,0.53,-1.02,-0.25
3/19/2024,0.54,0.53,-0.27
3/20/2024,1.03,0.91,1.02
3/21/2024,0.42,0.04,0.95
3/22/2024,-0.23,-0.87,-0.53
3/25/2024,-0.26,-0.24,0.87
3/26/2024,-0.26,0.09,-0.13
3/27/2024,0.88,1.04,0.92
3/28/2024,0.1,0.3,0.49
4/1/2024,-0.27,-0.9,-0.28
4/2/2024,-0.85,-1.1,0.05
4/3/2024,0.16,0.31,-0.02
4/4/2024,-1.23,0.16,0.15
4/5/2024,1.05,-0.32,-0.67
4/8/2024,0.01,0.52,0.12
4/9/2024,0.14,0.38,-0.34
4/10/2024,-1.01,-1.37,-1.04
4/11/2024,0.72,0.24,-0.62
4/12/2024,-1.53,-0.33,0.11
4/15/2024,-1.29,-0.47,0.74
4/16/2024,-0.23,-0.03,-0.83
4/17/2024,-0.64,-0.48,0.55
4/18/2024,-0.27,-0.28,0.86
4/19/2024,-0.82,0.83,1.9
4/22/2024,0.87,-0.21,0.54
4/23/2024,1.27,0.6,0
4/24/2024,-0.01,-0.31,0.27
4/25/2024,-0.48,-0.31,-0.18
4/26/2024,1.04,0.46,-1.06
4/29/2024,0.34,0.38,-0.49
4/30/2024,-1.67,-0.19,-0.27
5/1/2024,-0.27,1.08,0.03
5/2/2024,1.01,0.72,-0.03
5/3/2024,1.19,0.02,-0.19
5/6/2024,1.09,0.03,-0.04
5/7/2024,0.05,0.07,-0.6
5/8/2024,-0.09,-0.54,0.58
5/9/2024,0.52,0.42,0.38
5/10/2024,0.08,-0.93,0
5/13/2024,-0.04,0.24,-0.25
5/14/2024,0.57,0.52,0.03
5/15/2024,1.15,-0.35,-0.23
5/16/2024,-0.25,-0.15,0
5/17/2024,0.11,-0.23,0.4
5/20/2024,0.14,0.26,-0.87
5/21/2024,0.15,-0.45,0.18
5/22/2024,-0.35,-0.28,-0.38
5/23/2024,-0.85,-0.59,-0.64
5/24/2024,0.72,0.03,0.16
5/28/2024,-0.04,0.28,-0.9
5/29/2024,-0.77,-0.29,-0.62
5/30/2024,-0.53,1.04,1
5/31/2024,0.68,-0.36,0.78
